Workbook

Sheet Start here
A1: Sales Routine · SDR (Pre-sales) · Usual Digital
A2: The routine of top performers: daily, weekly and monthly, with a checklist, objection log and an automatic dashboard.
A4: HOW TO USE (3 MINUTES)
A6: 1. | B6: Make your copy: in Google Sheets, go to File > Make a copy. This sheet is personal: one copy per person.
A7: 2. | B7: Turn on the checkboxes: select the day cells (the white area of the routine tabs) and go to Insert > Checkbox. It becomes a clickable checklist.
A8: 3. | B8: Every day, check off what you did. The daily %, the monthly consistency and the Dashboard calculate on their own.
A9: 4. | B9: Every objection you don't overcome, log it in the Objections tab. It becomes your training matrix.
A10: 5. | B10: On Friday, look at the Dashboard: consistency below 80% explains (almost always) the week's result.
A12: WHAT'S IN EACH TAB
A14: Dashboard | C14: Your overview: consistency of each routine, progress bars and an objections X-ray.
A15: Daily Routine | C15: Month tracker: check off each task, day by day.
A16: Week & Month | C16: Weekly (5 weeks) and monthly (12 months) rituals of a top performer.
A17: Objections | C17: Log of objections, sticking points and questions: what the customer said, how you answered, status and takeaway.
A19: Usual Digital · High-performance sales structuring · By Gabriel Isidoro and Renan Paiva

Sheet Dashboard
A1: Dashboard · SDR Routine
A2: Nothing is typed here: everything calculates from the routines and the objection log.
A4: ROUTINE CONSISTENCY (CHECKED / TOTAL)
A5: Routine | D5: % | E5: Progress
A6: Daily routine | D6: ='Daily Routine'!AH18 | E6: =REPT("█",ROUND(D6*20,0))&REPT("░",20-ROUND(D6*20,0))
A7: Weekly routine | D7: ='Week & Month'!H13 | E7: =REPT("█",ROUND(D7*20,0))&REPT("░",20-ROUND(D7*20,0))
A8: Monthly routine | D8: ='Week & Month'!O23 | E8: =REPT("█",ROUND(D8*20,0))&REPT("░",20-ROUND(D8*20,0))
A9: OVERALL CONSISTENCY | D9: =IFERROR(AVERAGE(D6:D8),0) | E9: =REPT("█",ROUND(D9*20,0))&REPT("░",20-ROUND(D9*20,0))
A11: OBJECTIONS X-RAY
A12: =COUNTA('Objections'!D6:D45) | C12: =COUNTIF('Objections'!F6:F45,"Overcome") | E12: =COUNTIF('Objections'!F6:F45,"Open") | G12: =COUNTIF('Objections'!F6:F45,"Lost") | I12: =IFERROR(COUNTIF('Objections'!F6:F45,"Overcome")/COUNTA('Objections'!D6:D45),0)
A13: Total logged | C13: Overcome | E13: Open (train!) | G13: Lost | I13: Overcome rate
A15: OBJECTIONS BY CATEGORY
A16: Price | C16: =COUNTIF('Objections'!C6:C45,"Price") | D16: =REPT("█",C16)
A17: Timing | C17: =COUNTIF('Objections'!C6:C45,"Timing") | D17: =REPT("█",C17)
A18: Trust | C18: =COUNTIF('Objections'!C6:C45,"Trust") | D18: =REPT("█",C18)
A19: Competitor | C19: =COUNTIF('Objections'!C6:C45,"Competitor") | D19: =REPT("█",C19)
A20: Delay | C20: =COUNTIF('Objections'!C6:C45,"Delay") | D20: =REPT("█",C20)
A21: Decision-maker | C21: =COUNTIF('Objections'!C6:C45,"Decision-maker") | D21: =REPT("█",C21)
A22: Other | C22: =COUNTIF('Objections'!C6:C45,"Other") | D22: =REPT("█",C22)

Sheet Daily Routine
A1: Daily Routine · SDR (Pre-sales)
A2: Check off what you did each day. The % calculates on its own. Goal: consistency above 80%.
A4: MONTHLY DAILY TRACKER
A5: Block | B5: Task | C5: 1 | D5: 2 | E5: 3 | F5: 4 | G5: 5 | H5: 6 | I5: 7 | J5: 8 | K5: 9 | L5: 10 | M5: 11 | N5: 12 | O5: 13 | P5: 14 | Q5: 15 | R5: 16 | S5: 17 | T5: 18 | U5: 19 | V5: 20 | W5: 21 | X5: 22 | Y5: 23 | Z5: 24 | AA5: 25 | AB5: 26 | AC5: 27 | AD5: 28 | AE5: 29 | AF5: 30 | AG5: 31 | AH5: %
A6: Base | B6: Plan the day: calendar, goals and priorities (10 min) | AH6: =IFERROR(COUNTIF(C6:AG6,TRUE)/31,0)
B7: Reply to every new lead within 5 minutes | AH7: =IFERROR(COUNTIF(C7:AG7,TRUE)/31,0)
A8: Prospecting | B8: Hit the day's outreach target (15 to 25) | AH8: =IFERROR(COUNTIF(C8:AG8,TRUE)/31,0)
B9: Run the D1-D12 cadence follow-ups | AH9: =IFERROR(COUNTIF(C9:AG9,TRUE)/31,0)
B10: Social selling: interactions and DMs (Instagram/LinkedIn) | AH10: =IFERROR(COUNTIF(C10:AG10,TRUE)/31,0)
A11: Booking | B11: Qualify leads and book meetings | AH11: =IFERROR(COUNTIF(C11:AG11,TRUE)/31,0)
B12: Confirm tomorrow's meetings (anti no-show) | AH12: =IFERROR(COUNTIF(C12:AG12,TRUE)/31,0)
A13: CRM | B13: Update the CRM in real time (every lead has a next task) | AH13: =IFERROR(COUNTIF(C13:AG13,TRUE)/31,0)
B14: Log objections and questions in the Objections tab | AH14: =IFERROR(COUNTIF(C14:AG14,TRUE)/31,0)
A15: Growth | B15: Listen to 1 call and note 1 improvement | AH15: =IFERROR(COUNTIF(C15:AG15,TRUE)/31,0)
B16: Study 10 min (script, ICP, product) | AH16: =IFERROR(COUNTIF(C16:AG16,TRUE)/31,0)
B17: Close the day: clean pipeline and tomorrow's plan | AH17: =IFERROR(COUNTIF(C17:AG17,TRUE)/31,0)
B18: % of day / period | C18: =IFERROR(COUNTIF(C6:C17,TRUE)/12,0) | D18: =IFERROR(COUNTIF(D6:D17,TRUE)/12,0) | E18: =IFERROR(COUNTIF(E6:E17,TRUE)/12,0) | F18: =IFERROR(COUNTIF(F6:F17,TRUE)/12,0) | G18: =IFERROR(COUNTIF(G6:G17,TRUE)/12,0) | H18: =IFERROR(COUNTIF(H6:H17,TRUE)/12,0) | I18: =IFERROR(COUNTIF(I6:I17,TRUE)/12,0) | J18: =IFERROR(COUNTIF(J6:J17,TRUE)/12,0) | ... AG18: =IFERROR(COUNTIF(AG6:AG17,TRUE)/12,0) | AH18: =IFERROR(COUNTIF(C6:AG17,TRUE)/372,0)

Sheet Week & Month
A1: Weekly & Monthly Routine · SDR (Pre-sales)
A2: Top-performer rituals. Check off each week and each month.
A4: WEEKLY ROUTINE (5 WEEKS)
A5: Block | B5: Task | C5: Wk 1 | D5: Wk 2 | E5: Wk 3 | F5: Wk 4 | G5: Wk 5 | H5: %
A6: Week | B6: Review the week's metrics (outreach, bookings, rates) | H6: =IFERROR(COUNTIF(C6:G6,TRUE)/5,0)
B7: Clean and enrich the lead list (ICP) | H7: =IFERROR(COUNTIF(C7:G7,TRUE)/5,0)
B8: Role-play your opener with a manager or peer | H8: =IFERROR(COUNTIF(C8:G8,TRUE)/5,0)
B9: Adjust scripts based on the week's objections | H9: =IFERROR(COUNTIF(C9:G9,TRUE)/5,0)
B10: Sync with the Closer: quality of the bookings | H10: =IFERROR(COUNTIF(C10:G10,TRUE)/5,0)
B11: Clear overdue follow-ups | H11: =IFERROR(COUNTIF(C11:G11,TRUE)/5,0)
B12: Plan next week (time-block your calendar) | H12: =IFERROR(COUNTIF(C12:G12,TRUE)/5,0)
B13: % of day / period | C13: =IFERROR(COUNTIF(C6:C12,TRUE)/7,0) | D13: =IFERROR(COUNTIF(D6:D12,TRUE)/7,0) | E13: =IFERROR(COUNTIF(E6:E12,TRUE)/7,0) | F13: =IFERROR(COUNTIF(F6:F12,TRUE)/7,0) | G13: =IFERROR(COUNTIF(G6:G12,TRUE)/7,0) | H13: =IFERROR(COUNTIF(C6:G12,TRUE)/35,0)
A15: MONTHLY ROUTINE (12 MONTHS)
A16: Block | B16: Task | C16: Jan | D16: Feb | E16: Mar | F16: Apr | G16: May | H16: Jun | I16: Jul | J16: Aug | K16: Sep | L16: Oct | M16: Nov | N16: Dec | O16: %
A17: Month | B17: Close the month's numbers against goal | O17: =IFERROR(COUNTIF(C17:N17,TRUE)/12,0)
B18: CRM audit (stages, fields, loss reasons) | O18: =IFERROR(COUNTIF(C18:N18,TRUE)/12,0)
B19: Update ICP and lists with what you learned | O19: =IFERROR(COUNTIF(C19:N19,TRUE)/12,0)
B20: Review the cadence: what to keep and what to change | O20: =IFERROR(COUNTIF(C20:N20,TRUE)/12,0)
B21: 1:1 with your manager: feedback and growth plan | O21: =IFERROR(COUNTIF(C21:N21,TRUE)/12,0)
B22: Update the team's objection matrix | O22: =IFERROR(COUNTIF(C22:N22,TRUE)/12,0)
B23: % of day / period | C23: =IFERROR(COUNTIF(C17:C22,TRUE)/6,0) | D23: =IFERROR(COUNTIF(D17:D22,TRUE)/6,0) | E23: =IFERROR(COUNTIF(E17:E22,TRUE)/6,0) | F23: =IFERROR(COUNTIF(F17:F22,TRUE)/6,0) | G23: =IFERROR(COUNTIF(G17:G22,TRUE)/6,0) | H23: =IFERROR(COUNTIF(H17:H22,TRUE)/6,0) | I23: =IFERROR(COUNTIF(I17:I22,TRUE)/6,0) | J23: =IFERROR(COUNTIF(J17:J22,TRUE)/6,0) | ... N23: =IFERROR(COUNTIF(N17:N22,TRUE)/6,0) | O23: =IFERROR(COUNTIF(C17:N22,TRUE)/72,0)

Sheet Objections
A1: Objections, Sticking Points & Questions
A2: Log everything that stalled the sale. What gets logged gets trained. What gets trained gets closed.
A4: LOG (USE THE DROPDOWN LISTS)
A5: Date | B5: Type | C5: Category | D5: What the customer said | E5: How you answered | F5: Status | G5: Takeaway / next action
