Workbook

Sheet Comece por aqui
A1: Controle de Reuniões · Closers Usual Digital
A2: Análise do funil de reuniões dos vendedores: no-show, propostas e conversão. Uma cópia por mês.
A4: COMO USAR (30 SEGUNDOS POR DIA)
A6: 1. | B6: No Google Sheets: Arquivo > Fazer uma cópia. Duplique a cada mês.
A7: 2. | B7: Aba DIÁRIO: no fim do dia, cada vendedor preenche SÓ 6 números na linha do dia: agendadas, realizadas, no-show, propostas, vendas na call e vendas no follow-up. Sem nome de cliente, sem texto.
A8: 3. | B8: A semana calcula sozinha. Painéis, análise semanal e central do comercial atualizam na hora.
A9: 4. | B9: PAINEL CLOSERS: cada vendedor comparado com o padrão. Célula VERMELHA = é ali que se treina na semana.
A10: 5. | B10: CENTRAL DO COMERCIAL: o funil do time inteiro, taxas do mês e gráficos.
A11: 6. | B11: Os padrões (metas de taxa) são editáveis em amarelo no Painel Closers.
A13: DEFINIÇÕES
A15: Agendadas | C15: Reuniões marcadas PARA aquele dia (na agenda do dia).
A16: Realizadas | C16: Quantas de fato aconteceram.
A17: No-show | C17: Cliente não apareceu (realizadas + no-show deve bater com agendadas; remarcada não conta).
A18: Propostas | C18: Reuniões em que uma proposta foi apresentada.
A19: Venda na call | C19: Fechou na própria reunião.
A20: Venda no follow-up | C20: Cliente de reunião anterior que fechou depois (conta no dia em que fechou).
A22: Usual Digital · Controle interno do comercial

Sheet Central do Comercial
A1: Central do Comercial · todos juntos
A2: O funil de reuniões do time inteiro no mês, com taxas, padrões e gráficos.
A4: VOLUME DO MÊS (TIME) | L4: apoio
A5: =Diário!$C$37+Diário!$I$37+Diário!$O$37 | C5: =Diário!$D$37+Diário!$J$37+Diário!$P$37 | E5: =Diário!$E$37+Diário!$K$37+Diário!$Q$37 | G5: =Diário!$F$37+Diário!$L$37+Diário!$R$37 | I5: =(Diário!$G$37+Diário!$M$37+Diário!$S$37)+(Diário!$H$37+Diário!$N$37+Diário!$T$37) | L5: Agendadas | M5: =Diário!$C$37+Diário!$I$37+Diário!$O$37
A6: Reuniões agendadas | C6: Reuniões realizadas | E6: No-shows | G6: Propostas apresentadas | I6: VENDAS TOTAIS | L6: Realizadas | M6: =Diário!$D$37+Diário!$J$37+Diário!$P$37
A7: =IFERROR((Diário!$D$37+Diário!$J$37+Diário!$P$37)/MAX(Diário!$C$37+Diário!$I$37+Diário!$O$37,1),0) | C7: =IFERROR((Diário!$E$37+Diário!$K$37+Diário!$Q$37)/MAX(Diário!$C$37+Diário!$I$37+Diário!$O$37,1),0) | E7: =IFERROR(((Diário!$G$37+Diário!$M$37+Diário!$S$37)+(Diário!$H$37+Diário!$N$37+Diário!$T$37))/MAX(Diário!$D$37+Diário!$J$37+Diário!$P$37,1),0) | G7: =IFERROR(((Diário!$G$37+Diário!$M$37+Diário!$S$37)+(Diário!$H$37+Diário!$N$37+Diário!$T$37))/MAX(Diário!$F$37+Diário!$L$37+Diário!$R$37,1),0) | I7: =IFERROR(ROUND((Diário!$D$37+Diário!$J$37+Diário!$P$37)/MAX(SUMPRODUCT(--((Diário!$C$6:$C$36+Diário!$I$6:$I$36+Diário!$O$6:$O$36)>0)),1),1),0) | L7: Propostas | M7: =Diário!$F$37+Diário!$L$37+Diário!$R$37
A8: Show rate | C8: Taxa de no-show | E8: Conv. reunião → venda | G8: Conv. proposta → venda | I8: Média reuniões/dia ativo | L8: Vendas | M8: =(Diário!$G$37+Diário!$M$37+Diário!$S$37)+(Diário!$H$37+Diário!$N$37+Diário!$T$37)
A9: GRÁFICOS
L10: Na call | M10: =Diário!$G$37+Diário!$M$37+Diário!$S$37
L11: No follow-up | M11: =Diário!$H$37+Diário!$N$37+Diário!$T$37
L13: =Equipe!$B$6 | M13: =Diário!$G$37+Diário!$H$37
L14: =Equipe!$B$7 | M14: =Diário!$M$37+Diário!$N$37
L15: =Equipe!$B$8 | M15: =Diário!$S$37+Diário!$T$37

Sheet Painel Closers
A1: Painel · Closers (mês)
A2: Cada vendedor comparado com o padrão (amarelo, editável). Célula vermelha = ponto de treino da semana.
A4: VOLUME DO MÊS
A5: Indicador | B5: Padrão | C5: =Equipe!$B$6 | D5: =Equipe!$B$7 | E5: =Equipe!$B$8
A6: Reuniões agendadas | B6: — | C6: =Diário!$C$37 | D6: =Diário!$I$37 | E6: =Diário!$O$37
A7: Reuniões realizadas | B7: — | C7: =Diário!$D$37 | D7: =Diário!$J$37 | E7: =Diário!$P$37
A8: No-shows | B8: — | C8: =Diário!$E$37 | D8: =Diário!$K$37 | E8: =Diário!$Q$37
A9: Propostas apresentadas | B9: — | C9: =Diário!$F$37 | D9: =Diário!$L$37 | E9: =Diário!$R$37
A10: Vendas na call | B10: — | C10: =Diário!$G$37 | D10: =Diário!$M$37 | E10: =Diário!$S$37
A11: Vendas no follow-up | B11: — | C11: =Diário!$H$37 | D11: =Diário!$N$37 | E11: =Diário!$T$37
A12: VENDAS TOTAIS | C12: =Diário!$G$37+Diário!$H$37 | D12: =Diário!$M$37+Diário!$N$37 | E12: =Diário!$S$37+Diário!$T$37
A14: TAXAS DO FUNIL (VERDE = NO PADRÃO · VERMELHO = TREINAR)
A15: Taxa | B15: Padrão | C15: =Equipe!$B$6 | D15: =Equipe!$B$7 | E15: =Equipe!$B$8
A16: Show rate (realizadas ÷ agendadas) | B16: 0.7 | C16: =IFERROR(Diário!$D$37/MAX(Diário!$C$37,1),0) | D16: =IFERROR(Diário!$J$37/MAX(Diário!$I$37,1),0) | E16: =IFERROR(Diário!$P$37/MAX(Diário!$O$37,1),0)
A17: Taxa de no-show | B17: 0.3 | C17: =IFERROR(Diário!$E$37/MAX(Diário!$C$37,1),0) | D17: =IFERROR(Diário!$K$37/MAX(Diário!$I$37,1),0) | E17: =IFERROR(Diário!$Q$37/MAX(Diário!$O$37,1),0)
A18: Propostas ÷ reuniões realizadas | B18: 0.6 | C18: =IFERROR(Diário!$F$37/MAX(Diário!$D$37,1),0) | D18: =IFERROR(Diário!$L$37/MAX(Diário!$J$37,1),0) | E18: =IFERROR(Diário!$R$37/MAX(Diário!$P$37,1),0)
A19: Conversão proposta → venda (FOCO) | B19: 0.3 | C19: =IFERROR((Diário!$G$37+Diário!$H$37)/MAX(Diário!$F$37,1),0) | D19: =IFERROR((Diário!$M$37+Diário!$N$37)/MAX(Diário!$L$37,1),0) | E19: =IFERROR((Diário!$S$37+Diário!$T$37)/MAX(Diário!$R$37,1),0)
A20: Conversão reunião → venda | B20: 0.2 | C20: =IFERROR((Diário!$G$37+Diário!$H$37)/MAX(Diário!$D$37,1),0) | D20: =IFERROR((Diário!$M$37+Diário!$N$37)/MAX(Diário!$J$37,1),0) | E20: =IFERROR((Diário!$S$37+Diário!$T$37)/MAX(Diário!$P$37,1),0)
A21: % das vendas vindas do follow-up | B21: 0.3 | C21: =IFERROR(Diário!$H$37/MAX(Diário!$G$37+Diário!$H$37,1),0) | D21: =IFERROR(Diário!$N$37/MAX(Diário!$M$37+Diário!$N$37,1),0) | E21: =IFERROR(Diário!$T$37/MAX(Diário!$S$37+Diário!$T$37,1),0)
A23: META DE VENDAS DO MÊS
A24: Meta de vendas | B24: — | C24: =Equipe!$D$6 | D24: =Equipe!$D$7 | E24: =Equipe!$D$8
A25: % da meta | B25: — | C25: =IFERROR((Diário!$G$37+Diário!$H$37)/MAX(Equipe!$D$6,1),0) | D25: =IFERROR((Diário!$M$37+Diário!$N$37)/MAX(Equipe!$D$7,1),0) | E25: =IFERROR((Diário!$S$37+Diário!$T$37)/MAX(Equipe!$D$8,1),0)

Sheet Análise Semanal
A1: Análise Semanal · time inteiro e por vendedor
A2: Semana calculada pelo dia do mês (1-7 = Sem 1, 8-14 = Sem 2...). Tudo automático.
A4: TIME INTEIRO, SEMANA A SEMANA
A5: Semana | B5: Agendadas | C5: Realizadas | D5: No-shows | E5: % no-show | F5: Propostas | G5: Vendas call | H5: Vendas FU | I5: Vendas totais | J5: Conv. reunião→venda | K5: Conv. proposta→venda
A6: Sem 1 | B6: =SUMIFS(Diário!$C$6:$C$36,Diário!$B$6:$B$36,1)+SUMIFS(Diário!$I$6:$I$36,Diário!$B$6:$B$36,1)+SUMIFS(Diário!$O$6:$O$36,Diário!$B$6:$B$36,1) | C6: =SUMIFS(Diário!$D$6:$D$36,Diário!$B$6:$B$36,1)+SUMIFS(Diário!$J$6:$J$36,Diário!$B$6:$B$36,1)+SUMIFS(Diário!$P$6:$P$36,Diário!$B$6:$B$36,1) | D6: =SUMIFS(Diário!$E$6:$E$36,Diário!$B$6:$B$36,1)+SUMIFS(Diário!$K$6:$K$36,Diário!$B$6:$B$36,1)+SUMIFS(Diário!$Q$6:$Q$36,Diário!$B$6:$B$36,1) | E6: =IFERROR((SUMIFS(Diário!$E$6:$E$36,Diário!$B$6:$B$36,1)+SUMIFS(Diário!$K$6:$K$36,Diário!$B$6:$B$36,1)+SUMIFS(Diário!$Q$6:$Q$36,Diário!$B$6:$B$36,1))/MAX(SUMIFS(Diário!$C$6:$C$36,Diário!$B$6:$B$36,1)+SUMIFS(Diário!$I$6:$I$36,Diário!$B$6:$B$36,1)+SUMIFS(Diário!$O$6:$O$36,Diário!$B$6:$B$36,1),1),0) | F6: =SUMIFS(Diário!$F$6:$F$36,Diário!$B$6:$B$36,1)+SUMIFS(Diário!$L$6:$L$36,Diário!$B$6:$B$36,1)+SUMIFS(Diário!$R$6:$R$36,Diário!$B$6:$B$36,1) | G6: =SUMIFS(Diário!$G$6:$G$36,Diário!$B$6:$B$36,1)+SUMIFS(Diário!$M$6:$M$36,Diário!$B$6:$B$36,1)+SUMIFS(Diário!$S$6:$S$36,Diário!$B$6:$B$36,1) | H6: =SUMIFS(Diário!$H$6:$H$36,Diário!$B$6:$B$36,1)+SUMIFS(Diário!$N$6:$N$36,Diário!$B$6:$B$36,1)+SUMIFS(Diário!$T$6:$T$36,Diário!$B$6:$B$36,1) | I6: =(SUMIFS(Diário!$G$6:$G$36,Diário!$B$6:$B$36,1)+SUMIFS(Diário!$M$6:$M$36,Diário!$B$6:$B$36,1)+SUMIFS(Diário!$S$6:$S$36,Diário!$B$6:$B$36,1))+(SUMIFS(Diário!$H$6:$H$36,Diário!$B$6:$B$36,1)+SUMIFS(Diário!$N$6:$N$36,Diário!$B$6:$B$36,1)+SUMIFS(Diário!$T$6:$T$36,Diário!$B$6:$B$36,1)) | J6: =IFERROR(((SUMIFS(Diário!$G$6:$G$36,Diário!$B$6:$B$36,1)+SUMIFS(Diário!$M$6:$M$36,Diário!$B$6:$B$36,1)+SUMIFS(Diário!$S$6:$S$36,Diário!$B$6:$B$36,1))+(SUMIFS(Diário!$H$6:$H$36,Diário!$B$6:$B$36,1)+SUMIFS(Diário!$N$6:$N$36,Diário!$B$6:$B$36,1)+SUMIFS(Diário!$T$6:$T$36,Diário!$B$6:$B$36,1)))/MAX(SUMIFS(Diário!$D$6:$D$36,Diário!$B$6:$B$36,1)+SUMIFS(Diário!$J$6:$J$36,Diário!$B$6:$B$36,1)+SUMIFS(Diário!$P$6:$P$36,Diário!$B$6:$B$36,1),1),0) | K6: =IFERROR(((SUMIFS(Diário!$G$6:$G$36,Diário!$B$6:$B$36,1)+SUMIFS(Diário!$M$6:$M$36,Diário!$B$6:$B$36,1)+SUMIFS(Diário!$S$6:$S$36,Diário!$B$6:$B$36,1))+(SUMIFS(Diário!$H$6:$H$36,Diário!$B$6:$B$36,1)+SUMIFS(Diário!$N$6:$N$36,Diário!$B$6:$B$36,1)+SUMIFS(Diário!$T$6:$T$36,Diário!$B$6:$B$36,1)))/MAX(SUMIFS(Diário!$F$6:$F$36,Diário!$B$6:$B$36,1)+SUMIFS(Diário!$L$6:$L$36,Diário!$B$6:$B$36,1)+SUMIFS(Diário!$R$6:$R$36,Diário!$B$6:$B$36,1),1),0)
A7: Sem 2 | B7: =SUMIFS(Diário!$C$6:$C$36,Diário!$B$6:$B$36,2)+SUMIFS(Diário!$I$6:$I$36,Diário!$B$6:$B$36,2)+SUMIFS(Diário!$O$6:$O$36,Diário!$B$6:$B$36,2) | C7: =SUMIFS(Diário!$D$6:$D$36,Diário!$B$6:$B$36,2)+SUMIFS(Diário!$J$6:$J$36,Diário!$B$6:$B$36,2)+SUMIFS(Diário!$P$6:$P$36,Diário!$B$6:$B$36,2) | D7: =SUMIFS(Diário!$E$6:$E$36,Diário!$B$6:$B$36,2)+SUMIFS(Diário!$K$6:$K$36,Diário!$B$6:$B$36,2)+SUMIFS(Diário!$Q$6:$Q$36,Diário!$B$6:$B$36,2) | E7: =IFERROR((SUMIFS(Diário!$E$6:$E$36,Diário!$B$6:$B$36,2)+SUMIFS(Diário!$K$6:$K$36,Diário!$B$6:$B$36,2)+SUMIFS(Diário!$Q$6:$Q$36,Diário!$B$6:$B$36,2))/MAX(SUMIFS(Diário!$C$6:$C$36,Diário!$B$6:$B$36,2)+SUMIFS(Diário!$I$6:$I$36,Diário!$B$6:$B$36,2)+SUMIFS(Diário!$O$6:$O$36,Diário!$B$6:$B$36,2),1),0) | F7: =SUMIFS(Diário!$F$6:$F$36,Diário!$B$6:$B$36,2)+SUMIFS(Diário!$L$6:$L$36,Diário!$B$6:$B$36,2)+SUMIFS(Diário!$R$6:$R$36,Diário!$B$6:$B$36,2) | G7: =SUMIFS(Diário!$G$6:$G$36,Diário!$B$6:$B$36,2)+SUMIFS(Diário!$M$6:$M$36,Diário!$B$6:$B$36,2)+SUMIFS(Diário!$S$6:$S$36,Diário!$B$6:$B$36,2) | H7: =SUMIFS(Diário!$H$6:$H$36,Diário!$B$6:$B$36,2)+SUMIFS(Diário!$N$6:$N$36,Diário!$B$6:$B$36,2)+SUMIFS(Diário!$T$6:$T$36,Diário!$B$6:$B$36,2) | I7: =(SUMIFS(Diário!$G$6:$G$36,Diário!$B$6:$B$36,2)+SUMIFS(Diário!$M$6:$M$36,Diário!$B$6:$B$36,2)+SUMIFS(Diário!$S$6:$S$36,Diário!$B$6:$B$36,2))+(SUMIFS(Diário!$H$6:$H$36,Diário!$B$6:$B$36,2)+SUMIFS(Diário!$N$6:$N$36,Diário!$B$6:$B$36,2)+SUMIFS(Diário!$T$6:$T$36,Diário!$B$6:$B$36,2)) | J7: =IFERROR(((SUMIFS(Diário!$G$6:$G$36,Diário!$B$6:$B$36,2)+SUMIFS(Diário!$M$6:$M$36,Diário!$B$6:$B$36,2)+SUMIFS(Diário!$S$6:$S$36,Diário!$B$6:$B$36,2))+(SUMIFS(Diário!$H$6:$H$36,Diário!$B$6:$B$36,2)+SUMIFS(Diário!$N$6:$N$36,Diário!$B$6:$B$36,2)+SUMIFS(Diário!$T$6:$T$36,Diário!$B$6:$B$36,2)))/MAX(SUMIFS(Diário!$D$6:$D$36,Diário!$B$6:$B$36,2)+SUMIFS(Diário!$J$6:$J$36,Diário!$B$6:$B$36,2)+SUMIFS(Diário!$P$6:$P$36,Diário!$B$6:$B$36,2),1),0) | K7: =IFERROR(((SUMIFS(Diário!$G$6:$G$36,Diário!$B$6:$B$36,2)+SUMIFS(Diário!$M$6:$M$36,Diário!$B$6:$B$36,2)+SUMIFS(Diário!$S$6:$S$36,Diário!$B$6:$B$36,2))+(SUMIFS(Diário!$H$6:$H$36,Diário!$B$6:$B$36,2)+SUMIFS(Diário!$N$6:$N$36,Diário!$B$6:$B$36,2)+SUMIFS(Diário!$T$6:$T$36,Diário!$B$6:$B$36,2)))/MAX(SUMIFS(Diário!$F$6:$F$36,Diário!$B$6:$B$36,2)+SUMIFS(Diário!$L$6:$L$36,Diário!$B$6:$B$36,2)+SUMIFS(Diário!$R$6:$R$36,Diário!$B$6:$B$36,2),1),0)
A8: Sem 3 | B8: =SUMIFS(Diário!$C$6:$C$36,Diário!$B$6:$B$36,3)+SUMIFS(Diário!$I$6:$I$36,Diário!$B$6:$B$36,3)+SUMIFS(Diário!$O$6:$O$36,Diário!$B$6:$B$36,3) | C8: =SUMIFS(Diário!$D$6:$D$36,Diário!$B$6:$B$36,3)+SUMIFS(Diário!$J$6:$J$36,Diário!$B$6:$B$36,3)+SUMIFS(Diário!$P$6:$P$36,Diário!$B$6:$B$36,3) | D8: =SUMIFS(Diário!$E$6:$E$36,Diário!$B$6:$B$36,3)+SUMIFS(Diário!$K$6:$K$36,Diário!$B$6:$B$36,3)+SUMIFS(Diário!$Q$6:$Q$36,Diário!$B$6:$B$36,3) | E8: =IFERROR((SUMIFS(Diário!$E$6:$E$36,Diário!$B$6:$B$36,3)+SUMIFS(Diário!$K$6:$K$36,Diário!$B$6:$B$36,3)+SUMIFS(Diário!$Q$6:$Q$36,Diário!$B$6:$B$36,3))/MAX(SUMIFS(Diário!$C$6:$C$36,Diário!$B$6:$B$36,3)+SUMIFS(Diário!$I$6:$I$36,Diário!$B$6:$B$36,3)+SUMIFS(Diário!$O$6:$O$36,Diário!$B$6:$B$36,3),1),0) | F8: =SUMIFS(Diário!$F$6:$F$36,Diário!$B$6:$B$36,3)+SUMIFS(Diário!$L$6:$L$36,Diário!$B$6:$B$36,3)+SUMIFS(Diário!$R$6:$R$36,Diário!$B$6:$B$36,3) | G8: =SUMIFS(Diário!$G$6:$G$36,Diário!$B$6:$B$36,3)+SUMIFS(Diário!$M$6:$M$36,Diário!$B$6:$B$36,3)+SUMIFS(Diário!$S$6:$S$36,Diário!$B$6:$B$36,3) | H8: =SUMIFS(Diário!$H$6:$H$36,Diário!$B$6:$B$36,3)+SUMIFS(Diário!$N$6:$N$36,Diário!$B$6:$B$36,3)+SUMIFS(Diário!$T$6:$T$36,Diário!$B$6:$B$36,3) | I8: =(SUMIFS(Diário!$G$6:$G$36,Diário!$B$6:$B$36,3)+SUMIFS(Diário!$M$6:$M$36,Diário!$B$6:$B$36,3)+SUMIFS(Diário!$S$6:$S$36,Diário!$B$6:$B$36,3))+(SUMIFS(Diário!$H$6:$H$36,Diário!$B$6:$B$36,3)+SUMIFS(Diário!$N$6:$N$36,Diário!$B$6:$B$36,3)+SUMIFS(Diário!$T$6:$T$36,Diário!$B$6:$B$36,3)) | J8: =IFERROR(((SUMIFS(Diário!$G$6:$G$36,Diário!$B$6:$B$36,3)+SUMIFS(Diário!$M$6:$M$36,Diário!$B$6:$B$36,3)+SUMIFS(Diário!$S$6:$S$36,Diário!$B$6:$B$36,3))+(SUMIFS(Diário!$H$6:$H$36,Diário!$B$6:$B$36,3)+SUMIFS(Diário!$N$6:$N$36,Diário!$B$6:$B$36,3)+SUMIFS(Diário!$T$6:$T$36,Diário!$B$6:$B$36,3)))/MAX(SUMIFS(Diário!$D$6:$D$36,Diário!$B$6:$B$36,3)+SUMIFS(Diário!$J$6:$J$36,Diário!$B$6:$B$36,3)+SUMIFS(Diário!$P$6:$P$36,Diário!$B$6:$B$36,3),1),0) | K8: =IFERROR(((SUMIFS(Diário!$G$6:$G$36,Diário!$B$6:$B$36,3)+SUMIFS(Diário!$M$6:$M$36,Diário!$B$6:$B$36,3)+SUMIFS(Diário!$S$6:$S$36,Diário!$B$6:$B$36,3))+(SUMIFS(Diário!$H$6:$H$36,Diário!$B$6:$B$36,3)+SUMIFS(Diário!$N$6:$N$36,Diário!$B$6:$B$36,3)+SUMIFS(Diário!$T$6:$T$36,Diário!$B$6:$B$36,3)))/MAX(SUMIFS(Diário!$F$6:$F$36,Diário!$B$6:$B$36,3)+SUMIFS(Diário!$L$6:$L$36,Diário!$B$6:$B$36,3)+SUMIFS(Diário!$R$6:$R$36,Diário!$B$6:$B$36,3),1),0)
A9: Sem 4 | B9: =SUMIFS(Diário!$C$6:$C$36,Diário!$B$6:$B$36,4)+SUMIFS(Diário!$I$6:$I$36,Diário!$B$6:$B$36,4)+SUMIFS(Diário!$O$6:$O$36,Diário!$B$6:$B$36,4) | C9: =SUMIFS(Diário!$D$6:$D$36,Diário!$B$6:$B$36,4)+SUMIFS(Diário!$J$6:$J$36,Diário!$B$6:$B$36,4)+SUMIFS(Diário!$P$6:$P$36,Diário!$B$6:$B$36,4) | D9: =SUMIFS(Diário!$E$6:$E$36,Diário!$B$6:$B$36,4)+SUMIFS(Diário!$K$6:$K$36,Diário!$B$6:$B$36,4)+SUMIFS(Diário!$Q$6:$Q$36,Diário!$B$6:$B$36,4) | E9: =IFERROR((SUMIFS(Diário!$E$6:$E$36,Diário!$B$6:$B$36,4)+SUMIFS(Diário!$K$6:$K$36,Diário!$B$6:$B$36,4)+SUMIFS(Diário!$Q$6:$Q$36,Diário!$B$6:$B$36,4))/MAX(SUMIFS(Diário!$C$6:$C$36,Diário!$B$6:$B$36,4)+SUMIFS(Diário!$I$6:$I$36,Diário!$B$6:$B$36,4)+SUMIFS(Diário!$O$6:$O$36,Diário!$B$6:$B$36,4),1),0) | F9: =SUMIFS(Diário!$F$6:$F$36,Diário!$B$6:$B$36,4)+SUMIFS(Diário!$L$6:$L$36,Diário!$B$6:$B$36,4)+SUMIFS(Diário!$R$6:$R$36,Diário!$B$6:$B$36,4) | G9: =SUMIFS(Diário!$G$6:$G$36,Diário!$B$6:$B$36,4)+SUMIFS(Diário!$M$6:$M$36,Diário!$B$6:$B$36,4)+SUMIFS(Diário!$S$6:$S$36,Diário!$B$6:$B$36,4) | H9: =SUMIFS(Diário!$H$6:$H$36,Diário!$B$6:$B$36,4)+SUMIFS(Diário!$N$6:$N$36,Diário!$B$6:$B$36,4)+SUMIFS(Diário!$T$6:$T$36,Diário!$B$6:$B$36,4) | I9: =(SUMIFS(Diário!$G$6:$G$36,Diário!$B$6:$B$36,4)+SUMIFS(Diário!$M$6:$M$36,Diário!$B$6:$B$36,4)+SUMIFS(Diário!$S$6:$S$36,Diário!$B$6:$B$36,4))+(SUMIFS(Diário!$H$6:$H$36,Diário!$B$6:$B$36,4)+SUMIFS(Diário!$N$6:$N$36,Diário!$B$6:$B$36,4)+SUMIFS(Diário!$T$6:$T$36,Diário!$B$6:$B$36,4)) | J9: =IFERROR(((SUMIFS(Diário!$G$6:$G$36,Diário!$B$6:$B$36,4)+SUMIFS(Diário!$M$6:$M$36,Diário!$B$6:$B$36,4)+SUMIFS(Diário!$S$6:$S$36,Diário!$B$6:$B$36,4))+(SUMIFS(Diário!$H$6:$H$36,Diário!$B$6:$B$36,4)+SUMIFS(Diário!$N$6:$N$36,Diário!$B$6:$B$36,4)+SUMIFS(Diário!$T$6:$T$36,Diário!$B$6:$B$36,4)))/MAX(SUMIFS(Diário!$D$6:$D$36,Diário!$B$6:$B$36,4)+SUMIFS(Diário!$J$6:$J$36,Diário!$B$6:$B$36,4)+SUMIFS(Diário!$P$6:$P$36,Diário!$B$6:$B$36,4),1),0) | K9: =IFERROR(((SUMIFS(Diário!$G$6:$G$36,Diário!$B$6:$B$36,4)+SUMIFS(Diário!$M$6:$M$36,Diário!$B$6:$B$36,4)+SUMIFS(Diário!$S$6:$S$36,Diário!$B$6:$B$36,4))+(SUMIFS(Diário!$H$6:$H$36,Diário!$B$6:$B$36,4)+SUMIFS(Diário!$N$6:$N$36,Diário!$B$6:$B$36,4)+SUMIFS(Diário!$T$6:$T$36,Diário!$B$6:$B$36,4)))/MAX(SUMIFS(Diário!$F$6:$F$36,Diário!$B$6:$B$36,4)+SUMIFS(Diário!$L$6:$L$36,Diário!$B$6:$B$36,4)+SUMIFS(Diário!$R$6:$R$36,Diário!$B$6:$B$36,4),1),0)
A10: Sem 5 | B10: =SUMIFS(Diário!$C$6:$C$36,Diário!$B$6:$B$36,5)+SUMIFS(Diário!$I$6:$I$36,Diário!$B$6:$B$36,5)+SUMIFS(Diário!$O$6:$O$36,Diário!$B$6:$B$36,5) | C10: =SUMIFS(Diário!$D$6:$D$36,Diário!$B$6:$B$36,5)+SUMIFS(Diário!$J$6:$J$36,Diário!$B$6:$B$36,5)+SUMIFS(Diário!$P$6:$P$36,Diário!$B$6:$B$36,5) | D10: =SUMIFS(Diário!$E$6:$E$36,Diário!$B$6:$B$36,5)+SUMIFS(Diário!$K$6:$K$36,Diário!$B$6:$B$36,5)+SUMIFS(Diário!$Q$6:$Q$36,Diário!$B$6:$B$36,5) | E10: =IFERROR((SUMIFS(Diário!$E$6:$E$36,Diário!$B$6:$B$36,5)+SUMIFS(Diário!$K$6:$K$36,Diário!$B$6:$B$36,5)+SUMIFS(Diário!$Q$6:$Q$36,Diário!$B$6:$B$36,5))/MAX(SUMIFS(Diário!$C$6:$C$36,Diário!$B$6:$B$36,5)+SUMIFS(Diário!$I$6:$I$36,Diário!$B$6:$B$36,5)+SUMIFS(Diário!$O$6:$O$36,Diário!$B$6:$B$36,5),1),0) | F10: =SUMIFS(Diário!$F$6:$F$36,Diário!$B$6:$B$36,5)+SUMIFS(Diário!$L$6:$L$36,Diário!$B$6:$B$36,5)+SUMIFS(Diário!$R$6:$R$36,Diário!$B$6:$B$36,5) | G10: =SUMIFS(Diário!$G$6:$G$36,Diário!$B$6:$B$36,5)+SUMIFS(Diário!$M$6:$M$36,Diário!$B$6:$B$36,5)+SUMIFS(Diário!$S$6:$S$36,Diário!$B$6:$B$36,5) | H10: =SUMIFS(Diário!$H$6:$H$36,Diário!$B$6:$B$36,5)+SUMIFS(Diário!$N$6:$N$36,Diário!$B$6:$B$36,5)+SUMIFS(Diário!$T$6:$T$36,Diário!$B$6:$B$36,5) | I10: =(SUMIFS(Diário!$G$6:$G$36,Diário!$B$6:$B$36,5)+SUMIFS(Diário!$M$6:$M$36,Diário!$B$6:$B$36,5)+SUMIFS(Diário!$S$6:$S$36,Diário!$B$6:$B$36,5))+(SUMIFS(Diário!$H$6:$H$36,Diário!$B$6:$B$36,5)+SUMIFS(Diário!$N$6:$N$36,Diário!$B$6:$B$36,5)+SUMIFS(Diário!$T$6:$T$36,Diário!$B$6:$B$36,5)) | J10: =IFERROR(((SUMIFS(Diário!$G$6:$G$36,Diário!$B$6:$B$36,5)+SUMIFS(Diário!$M$6:$M$36,Diário!$B$6:$B$36,5)+SUMIFS(Diário!$S$6:$S$36,Diário!$B$6:$B$36,5))+(SUMIFS(Diário!$H$6:$H$36,Diário!$B$6:$B$36,5)+SUMIFS(Diário!$N$6:$N$36,Diário!$B$6:$B$36,5)+SUMIFS(Diário!$T$6:$T$36,Diário!$B$6:$B$36,5)))/MAX(SUMIFS(Diário!$D$6:$D$36,Diário!$B$6:$B$36,5)+SUMIFS(Diário!$J$6:$J$36,Diário!$B$6:$B$36,5)+SUMIFS(Diário!$P$6:$P$36,Diário!$B$6:$B$36,5),1),0) | K10: =IFERROR(((SUMIFS(Diário!$G$6:$G$36,Diário!$B$6:$B$36,5)+SUMIFS(Diário!$M$6:$M$36,Diário!$B$6:$B$36,5)+SUMIFS(Diário!$S$6:$S$36,Diário!$B$6:$B$36,5))+(SUMIFS(Diário!$H$6:$H$36,Diário!$B$6:$B$36,5)+SUMIFS(Diário!$N$6:$N$36,Diário!$B$6:$B$36,5)+SUMIFS(Diário!$T$6:$T$36,Diário!$B$6:$B$36,5)))/MAX(SUMIFS(Diário!$F$6:$F$36,Diário!$B$6:$B$36,5)+SUMIFS(Diário!$L$6:$L$36,Diário!$B$6:$B$36,5)+SUMIFS(Diário!$R$6:$R$36,Diário!$B$6:$B$36,5),1),0)
A11: MÊS | B11: =Diário!$C$37+Diário!$I$37+Diário!$O$37 | C11: =Diário!$D$37+Diário!$J$37+Diário!$P$37 | D11: =Diário!$E$37+Diário!$K$37+Diário!$Q$37 | E11: =IFERROR((Diário!$E$37+Diário!$K$37+Diário!$Q$37)/MAX(Diário!$C$37+Diário!$I$37+Diário!$O$37,1),0) | F11: =Diário!$F$37+Diário!$L$37+Diário!$R$37 | G11: =Diário!$G$37+Diário!$M$37+Diário!$S$37 | H11: =Diário!$H$37+Diário!$N$37+Diário!$T$37 | I11: =(Diário!$G$37+Diário!$M$37+Diário!$S$37)+(Diário!$H$37+Diário!$N$37+Diário!$T$37) | J11: =IFERROR(((Diário!$G$37+Diário!$M$37+Diário!$S$37)+(Diário!$H$37+Diário!$N$37+Diário!$T$37))/MAX(Diário!$D$37+Diário!$J$37+Diário!$P$37,1),0) | K11: =IFERROR(((Diário!$G$37+Diário!$M$37+Diário!$S$37)+(Diário!$H$37+Diário!$N$37+Diário!$T$37))/MAX(Diário!$F$37+Diário!$L$37+Diário!$R$37,1),0)
A13: POR VENDEDOR, SEMANA A SEMANA (REALIZADAS · VENDAS · CONVERSÃO)
A14: =Equipe!$B$6 | E14: =Equipe!$B$7 | I14: =Equipe!$B$8
A15: Reuni. | B15: Vendas | C15: Conv. | E15: Reuni. | F15: Vendas | G15: Conv. | I15: Reuni. | J15: Vendas | K15: Conv.
A16: =SUMIFS(Diário!$D$6:$D$36,Diário!$B$6:$B$36,1) | B16: =SUMIFS(Diário!$G$6:$G$36,Diário!$B$6:$B$36,1)+SUMIFS(Diário!$H$6:$H$36,Diário!$B$6:$B$36,1) | C16: =IFERROR((SUMIFS(Diário!$G$6:$G$36,Diário!$B$6:$B$36,1)+SUMIFS(Diário!$H$6:$H$36,Diário!$B$6:$B$36,1))/MAX(SUMIFS(Diário!$D$6:$D$36,Diário!$B$6:$B$36,1),1),0) | E16: =SUMIFS(Diário!$J$6:$J$36,Diário!$B$6:$B$36,1) | F16: =SUMIFS(Diário!$M$6:$M$36,Diário!$B$6:$B$36,1)+SUMIFS(Diário!$N$6:$N$36,Diário!$B$6:$B$36,1) | G16: =IFERROR((SUMIFS(Diário!$M$6:$M$36,Diário!$B$6:$B$36,1)+SUMIFS(Diário!$N$6:$N$36,Diário!$B$6:$B$36,1))/MAX(SUMIFS(Diário!$J$6:$J$36,Diário!$B$6:$B$36,1),1),0) | I16: =SUMIFS(Diário!$P$6:$P$36,Diário!$B$6:$B$36,1) | J16: =SUMIFS(Diário!$S$6:$S$36,Diário!$B$6:$B$36,1)+SUMIFS(Diário!$T$6:$T$36,Diário!$B$6:$B$36,1) | K16: =IFERROR((SUMIFS(Diário!$S$6:$S$36,Diário!$B$6:$B$36,1)+SUMIFS(Diário!$T$6:$T$36,Diário!$B$6:$B$36,1))/MAX(SUMIFS(Diário!$P$6:$P$36,Diário!$B$6:$B$36,1),1),0) | L16: Sem 1
A17: =SUMIFS(Diário!$D$6:$D$36,Diário!$B$6:$B$36,2) | B17: =SUMIFS(Diário!$G$6:$G$36,Diário!$B$6:$B$36,2)+SUMIFS(Diário!$H$6:$H$36,Diário!$B$6:$B$36,2) | C17: =IFERROR((SUMIFS(Diário!$G$6:$G$36,Diário!$B$6:$B$36,2)+SUMIFS(Diário!$H$6:$H$36,Diário!$B$6:$B$36,2))/MAX(SUMIFS(Diário!$D$6:$D$36,Diário!$B$6:$B$36,2),1),0) | E17: =SUMIFS(Diário!$J$6:$J$36,Diário!$B$6:$B$36,2) | F17: =SUMIFS(Diário!$M$6:$M$36,Diário!$B$6:$B$36,2)+SUMIFS(Diário!$N$6:$N$36,Diário!$B$6:$B$36,2) | G17: =IFERROR((SUMIFS(Diário!$M$6:$M$36,Diário!$B$6:$B$36,2)+SUMIFS(Diário!$N$6:$N$36,Diário!$B$6:$B$36,2))/MAX(SUMIFS(Diário!$J$6:$J$36,Diário!$B$6:$B$36,2),1),0) | I17: =SUMIFS(Diário!$P$6:$P$36,Diário!$B$6:$B$36,2) | J17: =SUMIFS(Diário!$S$6:$S$36,Diário!$B$6:$B$36,2)+SUMIFS(Diário!$T$6:$T$36,Diário!$B$6:$B$36,2) | K17: =IFERROR((SUMIFS(Diário!$S$6:$S$36,Diário!$B$6:$B$36,2)+SUMIFS(Diário!$T$6:$T$36,Diário!$B$6:$B$36,2))/MAX(SUMIFS(Diário!$P$6:$P$36,Diário!$B$6:$B$36,2),1),0) | L17: Sem 2
A18: =SUMIFS(Diário!$D$6:$D$36,Diário!$B$6:$B$36,3) | B18: =SUMIFS(Diário!$G$6:$G$36,Diário!$B$6:$B$36,3)+SUMIFS(Diário!$H$6:$H$36,Diário!$B$6:$B$36,3) | C18: =IFERROR((SUMIFS(Diário!$G$6:$G$36,Diário!$B$6:$B$36,3)+SUMIFS(Diário!$H$6:$H$36,Diário!$B$6:$B$36,3))/MAX(SUMIFS(Diário!$D$6:$D$36,Diário!$B$6:$B$36,3),1),0) | E18: =SUMIFS(Diário!$J$6:$J$36,Diário!$B$6:$B$36,3) | F18: =SUMIFS(Diário!$M$6:$M$36,Diário!$B$6:$B$36,3)+SUMIFS(Diário!$N$6:$N$36,Diário!$B$6:$B$36,3) | G18: =IFERROR((SUMIFS(Diário!$M$6:$M$36,Diário!$B$6:$B$36,3)+SUMIFS(Diário!$N$6:$N$36,Diário!$B$6:$B$36,3))/MAX(SUMIFS(Diário!$J$6:$J$36,Diário!$B$6:$B$36,3),1),0) | I18: =SUMIFS(Diário!$P$6:$P$36,Diário!$B$6:$B$36,3) | J18: =SUMIFS(Diário!$S$6:$S$36,Diário!$B$6:$B$36,3)+SUMIFS(Diário!$T$6:$T$36,Diário!$B$6:$B$36,3) | K18: =IFERROR((SUMIFS(Diário!$S$6:$S$36,Diário!$B$6:$B$36,3)+SUMIFS(Diário!$T$6:$T$36,Diário!$B$6:$B$36,3))/MAX(SUMIFS(Diário!$P$6:$P$36,Diário!$B$6:$B$36,3),1),0) | L18: Sem 3
A19: =SUMIFS(Diário!$D$6:$D$36,Diário!$B$6:$B$36,4) | B19: =SUMIFS(Diário!$G$6:$G$36,Diário!$B$6:$B$36,4)+SUMIFS(Diário!$H$6:$H$36,Diário!$B$6:$B$36,4) | C19: =IFERROR((SUMIFS(Diário!$G$6:$G$36,Diário!$B$6:$B$36,4)+SUMIFS(Diário!$H$6:$H$36,Diário!$B$6:$B$36,4))/MAX(SUMIFS(Diário!$D$6:$D$36,Diário!$B$6:$B$36,4),1),0) | E19: =SUMIFS(Diário!$J$6:$J$36,Diário!$B$6:$B$36,4) | F19: =SUMIFS(Diário!$M$6:$M$36,Diário!$B$6:$B$36,4)+SUMIFS(Diário!$N$6:$N$36,Diário!$B$6:$B$36,4) | G19: =IFERROR((SUMIFS(Diário!$M$6:$M$36,Diário!$B$6:$B$36,4)+SUMIFS(Diário!$N$6:$N$36,Diário!$B$6:$B$36,4))/MAX(SUMIFS(Diário!$J$6:$J$36,Diário!$B$6:$B$36,4),1),0) | I19: =SUMIFS(Diário!$P$6:$P$36,Diário!$B$6:$B$36,4) | J19: =SUMIFS(Diário!$S$6:$S$36,Diário!$B$6:$B$36,4)+SUMIFS(Diário!$T$6:$T$36,Diário!$B$6:$B$36,4) | K19: =IFERROR((SUMIFS(Diário!$S$6:$S$36,Diário!$B$6:$B$36,4)+SUMIFS(Diário!$T$6:$T$36,Diário!$B$6:$B$36,4))/MAX(SUMIFS(Diário!$P$6:$P$36,Diário!$B$6:$B$36,4),1),0) | L19: Sem 4
A20: =SUMIFS(Diário!$D$6:$D$36,Diário!$B$6:$B$36,5) | B20: =SUMIFS(Diário!$G$6:$G$36,Diário!$B$6:$B$36,5)+SUMIFS(Diário!$H$6:$H$36,Diário!$B$6:$B$36,5) | C20: =IFERROR((SUMIFS(Diário!$G$6:$G$36,Diário!$B$6:$B$36,5)+SUMIFS(Diário!$H$6:$H$36,Diário!$B$6:$B$36,5))/MAX(SUMIFS(Diário!$D$6:$D$36,Diário!$B$6:$B$36,5),1),0) | E20: =SUMIFS(Diário!$J$6:$J$36,Diário!$B$6:$B$36,5) | F20: =SUMIFS(Diário!$M$6:$M$36,Diário!$B$6:$B$36,5)+SUMIFS(Diário!$N$6:$N$36,Diário!$B$6:$B$36,5) | G20: =IFERROR((SUMIFS(Diário!$M$6:$M$36,Diário!$B$6:$B$36,5)+SUMIFS(Diário!$N$6:$N$36,Diário!$B$6:$B$36,5))/MAX(SUMIFS(Diário!$J$6:$J$36,Diário!$B$6:$B$36,5),1),0) | I20: =SUMIFS(Diário!$P$6:$P$36,Diário!$B$6:$B$36,5) | J20: =SUMIFS(Diário!$S$6:$S$36,Diário!$B$6:$B$36,5)+SUMIFS(Diário!$T$6:$T$36,Diário!$B$6:$B$36,5) | K20: =IFERROR((SUMIFS(Diário!$S$6:$S$36,Diário!$B$6:$B$36,5)+SUMIFS(Diário!$T$6:$T$36,Diário!$B$6:$B$36,5))/MAX(SUMIFS(Diário!$P$6:$P$36,Diário!$B$6:$B$36,5),1),0) | L20: Sem 5

Sheet Equipe
A1: Equipe · Closers e Metas
A2: Edite os campos amarelos. Os nomes alimentam todas as abas.
A4: VENDEDORES (CLOSERS)
A5: # | B5: Nome | C5: Meta de reuniões/semana | D5: Meta de vendas/mês
A6: 1 | B6: Vendedor 1 | C6: 15 | D6: 8
A7: 2 | B7: Vendedor 2 | C7: 15 | D7: 8
A8: 3 | B8: Vendedor 3 | C8: 15 | D8: 8

Sheet Diário
A1: Lançamento Diário · só números, 30 segundos
A2: Cada vendedor preenche a própria coluna no fim do dia. Deixe em branco os dias sem agenda.
A4: Dia | B4: Sem. | C4: =Equipe!$B$6 | I4: =Equipe!$B$7 | O4: =Equipe!$B$8
C5: Agend. | D5: Realiz. | E5: No-show | F5: Prop. | G5: Vd call | H5: Vd FU | I5: Agend. | J5: Realiz. | K5: No-show | L5: Prop. | M5: Vd call | N5: Vd FU | O5: Agend. | P5: Realiz. | Q5: No-show | R5: Prop. | S5: Vd call | T5: Vd FU
A6: 1 | B6: =ROUNDUP(A6/7,0)
A7: 2 | B7: =ROUNDUP(A7/7,0)
A8: 3 | B8: =ROUNDUP(A8/7,0)
A9: 4 | B9: =ROUNDUP(A9/7,0)
A10: 5 | B10: =ROUNDUP(A10/7,0)
A11: 6 | B11: =ROUNDUP(A11/7,0)
A12: 7 | B12: =ROUNDUP(A12/7,0)
A13: 8 | B13: =ROUNDUP(A13/7,0)
A14: 9 | B14: =ROUNDUP(A14/7,0)
A15: 10 | B15: =ROUNDUP(A15/7,0)
A16: 11 | B16: =ROUNDUP(A16/7,0)
A17: 12 | B17: =ROUNDUP(A17/7,0)
... A36: 31 | B36: =ROUNDUP(A36/7,0)
A37: TOTAL | C37: =SUM(C6:C36) | D37: =SUM(D6:D36) | E37: =SUM(E6:E36) | F37: =SUM(F6:F36) | G37: =SUM(G6:G36) | H37: =SUM(H6:H36) | I37: =SUM(I6:I36) | J37: =SUM(J6:J36) | ... T37: =SUM(T6:T36)
A38: média/dia ativo | C38: =IFERROR(ROUND(SUM(C6:C36)/MAX(COUNTIF(C6:C36,">0"),1),1),0) | D38: =IFERROR(ROUND(SUM(D6:D36)/MAX(COUNTIF(C6:C36,">0"),1),1),0) | E38: =IFERROR(ROUND(SUM(E6:E36)/MAX(COUNTIF(C6:C36,">0"),1),1),0) | F38: =IFERROR(ROUND(SUM(F6:F36)/MAX(COUNTIF(C6:C36,">0"),1),1),0) | G38: =IFERROR(ROUND(SUM(G6:G36)/MAX(COUNTIF(C6:C36,">0"),1),1),0) | H38: =IFERROR(ROUND(SUM(H6:H36)/MAX(COUNTIF(C6:C36,">0"),1),1),0) | I38: =IFERROR(ROUND(SUM(I6:I36)/MAX(COUNTIF(I6:I36,">0"),1),1),0) | J38: =IFERROR(ROUND(SUM(J6:J36)/MAX(COUNTIF(I6:I36,">0"),1),1),0) | K38: =IFERROR(ROUND(SUM(K6:K36)/MAX(COUNTIF(I6:I36,">0"),1),1),0) | L38: =IFERROR(ROUND(SUM(L6:L36)/MAX(COUNTIF(I6:I36,">0"),1),1),0) | M38: =IFERROR(ROUND(SUM(M6:M36)/MAX(COUNTIF(I6:I36,">0"),1),1),0) | N38: =IFERROR(ROUND(SUM(N6:N36)/MAX(COUNTIF(I6:I36,">0"),1),1),0) | O38: =IFERROR(ROUND(SUM(O6:O36)/MAX(COUNTIF(O6:O36,">0"),1),1),0) | P38: =IFERROR(ROUND(SUM(P6:P36)/MAX(COUNTIF(O6:O36,">0"),1),1),0) | Q38: =IFERROR(ROUND(SUM(Q6:Q36)/MAX(COUNTIF(O6:O36,">0"),1),1),0) | R38: =IFERROR(ROUND(SUM(R6:R36)/MAX(COUNTIF(O6:O36,">0"),1),1),0) | S38: =IFERROR(ROUND(SUM(S6:S36)/MAX(COUNTIF(O6:O36,">0"),1),1),0) | T38: =IFERROR(ROUND(SUM(T6:T36)/MAX(COUNTIF(O6:O36,">0"),1),1),0)
