Workbook

Sheet Start here
A1: Closers Meetings Tracker · Usual Digital
A2: The reps' meeting-funnel analysis: no-show, proposals and conversion. One copy per month.
A4: HOW TO USE (30 SECONDS A DAY)
A6: 1. | B6: In Google Sheets: File > Make a copy. Duplicate it each month.
A7: 2. | B7: DAILY tab: at the end of the day, each rep fills in ONLY 6 numbers on the day's row: booked, held, no-show, proposals, sales on the call and sales on follow-up. No client names, no text.
A8: 3. | B8: The week calculates on its own. Panels, weekly analysis and Sales HQ update instantly.
A9: 4. | B9: CLOSERS PANEL: each rep compared to the benchmark. A RED cell = that's what to coach this week.
A10: 5. | B10: SALES HQ: the whole team's funnel, month rates and charts.
A11: 6. | B11: The benchmarks (rate targets) are editable in yellow on the Closers Panel.
A13: DEFINITIONS
A15: Booked | C15: Meetings scheduled FOR that day (on the day's calendar).
A16: Held | C16: How many actually happened.
A17: No-show | C17: Customer didn't show (held + no-show should match booked; a reschedule doesn't count).
A18: Proposals | C18: Meetings where a proposal was presented.
A19: Sale on the call | C19: Closed in the meeting itself.
A20: Sale on follow-up | C20: A customer from a previous meeting who closed later (counts on the day they closed).
A22: Usual Digital · Internal sales control

Sheet Sales HQ
A1: Sales HQ · everyone together
A2: The whole team's meeting funnel for the month, with rates, benchmarks and charts.
A4: MONTH VOLUME (TEAM) | L4: helper
A5: =Daily!$C$37+Daily!$I$37+Daily!$O$37 | C5: =Daily!$D$37+Daily!$J$37+Daily!$P$37 | E5: =Daily!$E$37+Daily!$K$37+Daily!$Q$37 | G5: =Daily!$F$37+Daily!$L$37+Daily!$R$37 | I5: =(Daily!$G$37+Daily!$M$37+Daily!$S$37)+(Daily!$H$37+Daily!$N$37+Daily!$T$37) | L5: Booked | M5: =Daily!$C$37+Daily!$I$37+Daily!$O$37
A6: Meetings booked | C6: Meetings held | E6: No-shows | G6: Proposals presented | I6: TOTAL SALES | L6: Held | M6: =Daily!$D$37+Daily!$J$37+Daily!$P$37
A7: =IFERROR((Daily!$D$37+Daily!$J$37+Daily!$P$37)/MAX(Daily!$C$37+Daily!$I$37+Daily!$O$37,1),0) | C7: =IFERROR((Daily!$E$37+Daily!$K$37+Daily!$Q$37)/MAX(Daily!$C$37+Daily!$I$37+Daily!$O$37,1),0) | E7: =IFERROR(((Daily!$G$37+Daily!$M$37+Daily!$S$37)+(Daily!$H$37+Daily!$N$37+Daily!$T$37))/MAX(Daily!$D$37+Daily!$J$37+Daily!$P$37,1),0) | G7: =IFERROR(((Daily!$G$37+Daily!$M$37+Daily!$S$37)+(Daily!$H$37+Daily!$N$37+Daily!$T$37))/MAX(Daily!$F$37+Daily!$L$37+Daily!$R$37,1),0) | I7: =IFERROR(ROUND((Daily!$D$37+Daily!$J$37+Daily!$P$37)/MAX(SUMPRODUCT(--((Daily!$C$6:$C$36+Daily!$I$6:$I$36+Daily!$O$6:$O$36)>0)),1),1),0) | L7: Proposals | M7: =Daily!$F$37+Daily!$L$37+Daily!$R$37
A8: Show rate | C8: No-show rate | E8: Conv. meeting → sale | G8: Conv. proposal → sale | I8: Avg meetings/active day | L8: Sales | M8: =(Daily!$G$37+Daily!$M$37+Daily!$S$37)+(Daily!$H$37+Daily!$N$37+Daily!$T$37)
A9: CHARTS
L10: On call | M10: =Daily!$G$37+Daily!$M$37+Daily!$S$37
L11: On follow-up | M11: =Daily!$H$37+Daily!$N$37+Daily!$T$37
L13: =Team!$B$6 | M13: =Daily!$G$37+Daily!$H$37
L14: =Team!$B$7 | M14: =Daily!$M$37+Daily!$N$37
L15: =Team!$B$8 | M15: =Daily!$S$37+Daily!$T$37

Sheet Closers Panel
A1: Panel · Closers (month)
A2: Each rep compared to the benchmark (yellow, editable). A red cell = the week's coaching point.
A4: MONTH VOLUME
A5: Indicator | B5: Benchmark | C5: =Team!$B$6 | D5: =Team!$B$7 | E5: =Team!$B$8
A6: Meetings booked | B6: — | C6: =Daily!$C$37 | D6: =Daily!$I$37 | E6: =Daily!$O$37
A7: Meetings held | B7: — | C7: =Daily!$D$37 | D7: =Daily!$J$37 | E7: =Daily!$P$37
A8: No-shows | B8: — | C8: =Daily!$E$37 | D8: =Daily!$K$37 | E8: =Daily!$Q$37
A9: Proposals presented | B9: — | C9: =Daily!$F$37 | D9: =Daily!$L$37 | E9: =Daily!$R$37
A10: Sales on the call | B10: — | C10: =Daily!$G$37 | D10: =Daily!$M$37 | E10: =Daily!$S$37
A11: Sales on follow-up | B11: — | C11: =Daily!$H$37 | D11: =Daily!$N$37 | E11: =Daily!$T$37
A12: TOTAL SALES | C12: =Daily!$G$37+Daily!$H$37 | D12: =Daily!$M$37+Daily!$N$37 | E12: =Daily!$S$37+Daily!$T$37
A14: FUNNEL RATES (GREEN = ON PAR · RED = COACH)
A15: Rate | B15: Benchmark | C15: =Team!$B$6 | D15: =Team!$B$7 | E15: =Team!$B$8
A16: Show rate (held ÷ booked) | B16: 0.7 | C16: =IFERROR(Daily!$D$37/MAX(Daily!$C$37,1),0) | D16: =IFERROR(Daily!$J$37/MAX(Daily!$I$37,1),0) | E16: =IFERROR(Daily!$P$37/MAX(Daily!$O$37,1),0)
A17: No-show rate | B17: 0.3 | C17: =IFERROR(Daily!$E$37/MAX(Daily!$C$37,1),0) | D17: =IFERROR(Daily!$K$37/MAX(Daily!$I$37,1),0) | E17: =IFERROR(Daily!$Q$37/MAX(Daily!$O$37,1),0)
A18: Proposals ÷ meetings held | B18: 0.6 | C18: =IFERROR(Daily!$F$37/MAX(Daily!$D$37,1),0) | D18: =IFERROR(Daily!$L$37/MAX(Daily!$J$37,1),0) | E18: =IFERROR(Daily!$R$37/MAX(Daily!$P$37,1),0)
A19: Proposal → sale conversion (FOCUS) | B19: 0.3 | C19: =IFERROR((Daily!$G$37+Daily!$H$37)/MAX(Daily!$F$37,1),0) | D19: =IFERROR((Daily!$M$37+Daily!$N$37)/MAX(Daily!$L$37,1),0) | E19: =IFERROR((Daily!$S$37+Daily!$T$37)/MAX(Daily!$R$37,1),0)
A20: Meeting → sale conversion | B20: 0.2 | C20: =IFERROR((Daily!$G$37+Daily!$H$37)/MAX(Daily!$D$37,1),0) | D20: =IFERROR((Daily!$M$37+Daily!$N$37)/MAX(Daily!$J$37,1),0) | E20: =IFERROR((Daily!$S$37+Daily!$T$37)/MAX(Daily!$P$37,1),0)
A21: % of sales from follow-up | B21: 0.3 | C21: =IFERROR(Daily!$H$37/MAX(Daily!$G$37+Daily!$H$37,1),0) | D21: =IFERROR(Daily!$N$37/MAX(Daily!$M$37+Daily!$N$37,1),0) | E21: =IFERROR(Daily!$T$37/MAX(Daily!$S$37+Daily!$T$37,1),0)
A23: MONTH SALES TARGET
A24: Sales target | B24: — | C24: =Team!$D$6 | D24: =Team!$D$7 | E24: =Team!$D$8
A25: % of target | B25: — | C25: =IFERROR((Daily!$G$37+Daily!$H$37)/MAX(Team!$D$6,1),0) | D25: =IFERROR((Daily!$M$37+Daily!$N$37)/MAX(Team!$D$7,1),0) | E25: =IFERROR((Daily!$S$37+Daily!$T$37)/MAX(Team!$D$8,1),0)

Sheet Weekly Analysis
A1: Weekly Analysis · whole team and by rep
A2: The week is computed from the day of the month (1-7 = Wk 1, 8-14 = Wk 2...). All automatic.
A4: WHOLE TEAM, WEEK BY WEEK
A5: Week | B5: Booked | C5: Held | D5: No-shows | E5: % no-show | F5: Proposals | G5: Sales call | H5: Sales FU | I5: Total sales | J5: Conv. meeting→sale | K5: Conv. proposal→sale
A6: Wk 1 | B6: =SUMIFS(Daily!$C$6:$C$36,Daily!$B$6:$B$36,1)+SUMIFS(Daily!$I$6:$I$36,Daily!$B$6:$B$36,1)+SUMIFS(Daily!$O$6:$O$36,Daily!$B$6:$B$36,1) | C6: =SUMIFS(Daily!$D$6:$D$36,Daily!$B$6:$B$36,1)+SUMIFS(Daily!$J$6:$J$36,Daily!$B$6:$B$36,1)+SUMIFS(Daily!$P$6:$P$36,Daily!$B$6:$B$36,1) | D6: =SUMIFS(Daily!$E$6:$E$36,Daily!$B$6:$B$36,1)+SUMIFS(Daily!$K$6:$K$36,Daily!$B$6:$B$36,1)+SUMIFS(Daily!$Q$6:$Q$36,Daily!$B$6:$B$36,1) | E6: =IFERROR((SUMIFS(Daily!$E$6:$E$36,Daily!$B$6:$B$36,1)+SUMIFS(Daily!$K$6:$K$36,Daily!$B$6:$B$36,1)+SUMIFS(Daily!$Q$6:$Q$36,Daily!$B$6:$B$36,1))/MAX(SUMIFS(Daily!$C$6:$C$36,Daily!$B$6:$B$36,1)+SUMIFS(Daily!$I$6:$I$36,Daily!$B$6:$B$36,1)+SUMIFS(Daily!$O$6:$O$36,Daily!$B$6:$B$36,1),1),0) | F6: =SUMIFS(Daily!$F$6:$F$36,Daily!$B$6:$B$36,1)+SUMIFS(Daily!$L$6:$L$36,Daily!$B$6:$B$36,1)+SUMIFS(Daily!$R$6:$R$36,Daily!$B$6:$B$36,1) | G6: =SUMIFS(Daily!$G$6:$G$36,Daily!$B$6:$B$36,1)+SUMIFS(Daily!$M$6:$M$36,Daily!$B$6:$B$36,1)+SUMIFS(Daily!$S$6:$S$36,Daily!$B$6:$B$36,1) | H6: =SUMIFS(Daily!$H$6:$H$36,Daily!$B$6:$B$36,1)+SUMIFS(Daily!$N$6:$N$36,Daily!$B$6:$B$36,1)+SUMIFS(Daily!$T$6:$T$36,Daily!$B$6:$B$36,1) | I6: =(SUMIFS(Daily!$G$6:$G$36,Daily!$B$6:$B$36,1)+SUMIFS(Daily!$M$6:$M$36,Daily!$B$6:$B$36,1)+SUMIFS(Daily!$S$6:$S$36,Daily!$B$6:$B$36,1))+(SUMIFS(Daily!$H$6:$H$36,Daily!$B$6:$B$36,1)+SUMIFS(Daily!$N$6:$N$36,Daily!$B$6:$B$36,1)+SUMIFS(Daily!$T$6:$T$36,Daily!$B$6:$B$36,1)) | J6: =IFERROR(((SUMIFS(Daily!$G$6:$G$36,Daily!$B$6:$B$36,1)+SUMIFS(Daily!$M$6:$M$36,Daily!$B$6:$B$36,1)+SUMIFS(Daily!$S$6:$S$36,Daily!$B$6:$B$36,1))+(SUMIFS(Daily!$H$6:$H$36,Daily!$B$6:$B$36,1)+SUMIFS(Daily!$N$6:$N$36,Daily!$B$6:$B$36,1)+SUMIFS(Daily!$T$6:$T$36,Daily!$B$6:$B$36,1)))/MAX(SUMIFS(Daily!$D$6:$D$36,Daily!$B$6:$B$36,1)+SUMIFS(Daily!$J$6:$J$36,Daily!$B$6:$B$36,1)+SUMIFS(Daily!$P$6:$P$36,Daily!$B$6:$B$36,1),1),0) | K6: =IFERROR(((SUMIFS(Daily!$G$6:$G$36,Daily!$B$6:$B$36,1)+SUMIFS(Daily!$M$6:$M$36,Daily!$B$6:$B$36,1)+SUMIFS(Daily!$S$6:$S$36,Daily!$B$6:$B$36,1))+(SUMIFS(Daily!$H$6:$H$36,Daily!$B$6:$B$36,1)+SUMIFS(Daily!$N$6:$N$36,Daily!$B$6:$B$36,1)+SUMIFS(Daily!$T$6:$T$36,Daily!$B$6:$B$36,1)))/MAX(SUMIFS(Daily!$F$6:$F$36,Daily!$B$6:$B$36,1)+SUMIFS(Daily!$L$6:$L$36,Daily!$B$6:$B$36,1)+SUMIFS(Daily!$R$6:$R$36,Daily!$B$6:$B$36,1),1),0)
A7: Wk 2 | B7: =SUMIFS(Daily!$C$6:$C$36,Daily!$B$6:$B$36,2)+SUMIFS(Daily!$I$6:$I$36,Daily!$B$6:$B$36,2)+SUMIFS(Daily!$O$6:$O$36,Daily!$B$6:$B$36,2) | C7: =SUMIFS(Daily!$D$6:$D$36,Daily!$B$6:$B$36,2)+SUMIFS(Daily!$J$6:$J$36,Daily!$B$6:$B$36,2)+SUMIFS(Daily!$P$6:$P$36,Daily!$B$6:$B$36,2) | D7: =SUMIFS(Daily!$E$6:$E$36,Daily!$B$6:$B$36,2)+SUMIFS(Daily!$K$6:$K$36,Daily!$B$6:$B$36,2)+SUMIFS(Daily!$Q$6:$Q$36,Daily!$B$6:$B$36,2) | E7: =IFERROR((SUMIFS(Daily!$E$6:$E$36,Daily!$B$6:$B$36,2)+SUMIFS(Daily!$K$6:$K$36,Daily!$B$6:$B$36,2)+SUMIFS(Daily!$Q$6:$Q$36,Daily!$B$6:$B$36,2))/MAX(SUMIFS(Daily!$C$6:$C$36,Daily!$B$6:$B$36,2)+SUMIFS(Daily!$I$6:$I$36,Daily!$B$6:$B$36,2)+SUMIFS(Daily!$O$6:$O$36,Daily!$B$6:$B$36,2),1),0) | F7: =SUMIFS(Daily!$F$6:$F$36,Daily!$B$6:$B$36,2)+SUMIFS(Daily!$L$6:$L$36,Daily!$B$6:$B$36,2)+SUMIFS(Daily!$R$6:$R$36,Daily!$B$6:$B$36,2) | G7: =SUMIFS(Daily!$G$6:$G$36,Daily!$B$6:$B$36,2)+SUMIFS(Daily!$M$6:$M$36,Daily!$B$6:$B$36,2)+SUMIFS(Daily!$S$6:$S$36,Daily!$B$6:$B$36,2) | H7: =SUMIFS(Daily!$H$6:$H$36,Daily!$B$6:$B$36,2)+SUMIFS(Daily!$N$6:$N$36,Daily!$B$6:$B$36,2)+SUMIFS(Daily!$T$6:$T$36,Daily!$B$6:$B$36,2) | I7: =(SUMIFS(Daily!$G$6:$G$36,Daily!$B$6:$B$36,2)+SUMIFS(Daily!$M$6:$M$36,Daily!$B$6:$B$36,2)+SUMIFS(Daily!$S$6:$S$36,Daily!$B$6:$B$36,2))+(SUMIFS(Daily!$H$6:$H$36,Daily!$B$6:$B$36,2)+SUMIFS(Daily!$N$6:$N$36,Daily!$B$6:$B$36,2)+SUMIFS(Daily!$T$6:$T$36,Daily!$B$6:$B$36,2)) | J7: =IFERROR(((SUMIFS(Daily!$G$6:$G$36,Daily!$B$6:$B$36,2)+SUMIFS(Daily!$M$6:$M$36,Daily!$B$6:$B$36,2)+SUMIFS(Daily!$S$6:$S$36,Daily!$B$6:$B$36,2))+(SUMIFS(Daily!$H$6:$H$36,Daily!$B$6:$B$36,2)+SUMIFS(Daily!$N$6:$N$36,Daily!$B$6:$B$36,2)+SUMIFS(Daily!$T$6:$T$36,Daily!$B$6:$B$36,2)))/MAX(SUMIFS(Daily!$D$6:$D$36,Daily!$B$6:$B$36,2)+SUMIFS(Daily!$J$6:$J$36,Daily!$B$6:$B$36,2)+SUMIFS(Daily!$P$6:$P$36,Daily!$B$6:$B$36,2),1),0) | K7: =IFERROR(((SUMIFS(Daily!$G$6:$G$36,Daily!$B$6:$B$36,2)+SUMIFS(Daily!$M$6:$M$36,Daily!$B$6:$B$36,2)+SUMIFS(Daily!$S$6:$S$36,Daily!$B$6:$B$36,2))+(SUMIFS(Daily!$H$6:$H$36,Daily!$B$6:$B$36,2)+SUMIFS(Daily!$N$6:$N$36,Daily!$B$6:$B$36,2)+SUMIFS(Daily!$T$6:$T$36,Daily!$B$6:$B$36,2)))/MAX(SUMIFS(Daily!$F$6:$F$36,Daily!$B$6:$B$36,2)+SUMIFS(Daily!$L$6:$L$36,Daily!$B$6:$B$36,2)+SUMIFS(Daily!$R$6:$R$36,Daily!$B$6:$B$36,2),1),0)
A8: Wk 3 | B8: =SUMIFS(Daily!$C$6:$C$36,Daily!$B$6:$B$36,3)+SUMIFS(Daily!$I$6:$I$36,Daily!$B$6:$B$36,3)+SUMIFS(Daily!$O$6:$O$36,Daily!$B$6:$B$36,3) | C8: =SUMIFS(Daily!$D$6:$D$36,Daily!$B$6:$B$36,3)+SUMIFS(Daily!$J$6:$J$36,Daily!$B$6:$B$36,3)+SUMIFS(Daily!$P$6:$P$36,Daily!$B$6:$B$36,3) | D8: =SUMIFS(Daily!$E$6:$E$36,Daily!$B$6:$B$36,3)+SUMIFS(Daily!$K$6:$K$36,Daily!$B$6:$B$36,3)+SUMIFS(Daily!$Q$6:$Q$36,Daily!$B$6:$B$36,3) | E8: =IFERROR((SUMIFS(Daily!$E$6:$E$36,Daily!$B$6:$B$36,3)+SUMIFS(Daily!$K$6:$K$36,Daily!$B$6:$B$36,3)+SUMIFS(Daily!$Q$6:$Q$36,Daily!$B$6:$B$36,3))/MAX(SUMIFS(Daily!$C$6:$C$36,Daily!$B$6:$B$36,3)+SUMIFS(Daily!$I$6:$I$36,Daily!$B$6:$B$36,3)+SUMIFS(Daily!$O$6:$O$36,Daily!$B$6:$B$36,3),1),0) | F8: =SUMIFS(Daily!$F$6:$F$36,Daily!$B$6:$B$36,3)+SUMIFS(Daily!$L$6:$L$36,Daily!$B$6:$B$36,3)+SUMIFS(Daily!$R$6:$R$36,Daily!$B$6:$B$36,3) | G8: =SUMIFS(Daily!$G$6:$G$36,Daily!$B$6:$B$36,3)+SUMIFS(Daily!$M$6:$M$36,Daily!$B$6:$B$36,3)+SUMIFS(Daily!$S$6:$S$36,Daily!$B$6:$B$36,3) | H8: =SUMIFS(Daily!$H$6:$H$36,Daily!$B$6:$B$36,3)+SUMIFS(Daily!$N$6:$N$36,Daily!$B$6:$B$36,3)+SUMIFS(Daily!$T$6:$T$36,Daily!$B$6:$B$36,3) | I8: =(SUMIFS(Daily!$G$6:$G$36,Daily!$B$6:$B$36,3)+SUMIFS(Daily!$M$6:$M$36,Daily!$B$6:$B$36,3)+SUMIFS(Daily!$S$6:$S$36,Daily!$B$6:$B$36,3))+(SUMIFS(Daily!$H$6:$H$36,Daily!$B$6:$B$36,3)+SUMIFS(Daily!$N$6:$N$36,Daily!$B$6:$B$36,3)+SUMIFS(Daily!$T$6:$T$36,Daily!$B$6:$B$36,3)) | J8: =IFERROR(((SUMIFS(Daily!$G$6:$G$36,Daily!$B$6:$B$36,3)+SUMIFS(Daily!$M$6:$M$36,Daily!$B$6:$B$36,3)+SUMIFS(Daily!$S$6:$S$36,Daily!$B$6:$B$36,3))+(SUMIFS(Daily!$H$6:$H$36,Daily!$B$6:$B$36,3)+SUMIFS(Daily!$N$6:$N$36,Daily!$B$6:$B$36,3)+SUMIFS(Daily!$T$6:$T$36,Daily!$B$6:$B$36,3)))/MAX(SUMIFS(Daily!$D$6:$D$36,Daily!$B$6:$B$36,3)+SUMIFS(Daily!$J$6:$J$36,Daily!$B$6:$B$36,3)+SUMIFS(Daily!$P$6:$P$36,Daily!$B$6:$B$36,3),1),0) | K8: =IFERROR(((SUMIFS(Daily!$G$6:$G$36,Daily!$B$6:$B$36,3)+SUMIFS(Daily!$M$6:$M$36,Daily!$B$6:$B$36,3)+SUMIFS(Daily!$S$6:$S$36,Daily!$B$6:$B$36,3))+(SUMIFS(Daily!$H$6:$H$36,Daily!$B$6:$B$36,3)+SUMIFS(Daily!$N$6:$N$36,Daily!$B$6:$B$36,3)+SUMIFS(Daily!$T$6:$T$36,Daily!$B$6:$B$36,3)))/MAX(SUMIFS(Daily!$F$6:$F$36,Daily!$B$6:$B$36,3)+SUMIFS(Daily!$L$6:$L$36,Daily!$B$6:$B$36,3)+SUMIFS(Daily!$R$6:$R$36,Daily!$B$6:$B$36,3),1),0)
A9: Wk 4 | B9: =SUMIFS(Daily!$C$6:$C$36,Daily!$B$6:$B$36,4)+SUMIFS(Daily!$I$6:$I$36,Daily!$B$6:$B$36,4)+SUMIFS(Daily!$O$6:$O$36,Daily!$B$6:$B$36,4) | C9: =SUMIFS(Daily!$D$6:$D$36,Daily!$B$6:$B$36,4)+SUMIFS(Daily!$J$6:$J$36,Daily!$B$6:$B$36,4)+SUMIFS(Daily!$P$6:$P$36,Daily!$B$6:$B$36,4) | D9: =SUMIFS(Daily!$E$6:$E$36,Daily!$B$6:$B$36,4)+SUMIFS(Daily!$K$6:$K$36,Daily!$B$6:$B$36,4)+SUMIFS(Daily!$Q$6:$Q$36,Daily!$B$6:$B$36,4) | E9: =IFERROR((SUMIFS(Daily!$E$6:$E$36,Daily!$B$6:$B$36,4)+SUMIFS(Daily!$K$6:$K$36,Daily!$B$6:$B$36,4)+SUMIFS(Daily!$Q$6:$Q$36,Daily!$B$6:$B$36,4))/MAX(SUMIFS(Daily!$C$6:$C$36,Daily!$B$6:$B$36,4)+SUMIFS(Daily!$I$6:$I$36,Daily!$B$6:$B$36,4)+SUMIFS(Daily!$O$6:$O$36,Daily!$B$6:$B$36,4),1),0) | F9: =SUMIFS(Daily!$F$6:$F$36,Daily!$B$6:$B$36,4)+SUMIFS(Daily!$L$6:$L$36,Daily!$B$6:$B$36,4)+SUMIFS(Daily!$R$6:$R$36,Daily!$B$6:$B$36,4) | G9: =SUMIFS(Daily!$G$6:$G$36,Daily!$B$6:$B$36,4)+SUMIFS(Daily!$M$6:$M$36,Daily!$B$6:$B$36,4)+SUMIFS(Daily!$S$6:$S$36,Daily!$B$6:$B$36,4) | H9: =SUMIFS(Daily!$H$6:$H$36,Daily!$B$6:$B$36,4)+SUMIFS(Daily!$N$6:$N$36,Daily!$B$6:$B$36,4)+SUMIFS(Daily!$T$6:$T$36,Daily!$B$6:$B$36,4) | I9: =(SUMIFS(Daily!$G$6:$G$36,Daily!$B$6:$B$36,4)+SUMIFS(Daily!$M$6:$M$36,Daily!$B$6:$B$36,4)+SUMIFS(Daily!$S$6:$S$36,Daily!$B$6:$B$36,4))+(SUMIFS(Daily!$H$6:$H$36,Daily!$B$6:$B$36,4)+SUMIFS(Daily!$N$6:$N$36,Daily!$B$6:$B$36,4)+SUMIFS(Daily!$T$6:$T$36,Daily!$B$6:$B$36,4)) | J9: =IFERROR(((SUMIFS(Daily!$G$6:$G$36,Daily!$B$6:$B$36,4)+SUMIFS(Daily!$M$6:$M$36,Daily!$B$6:$B$36,4)+SUMIFS(Daily!$S$6:$S$36,Daily!$B$6:$B$36,4))+(SUMIFS(Daily!$H$6:$H$36,Daily!$B$6:$B$36,4)+SUMIFS(Daily!$N$6:$N$36,Daily!$B$6:$B$36,4)+SUMIFS(Daily!$T$6:$T$36,Daily!$B$6:$B$36,4)))/MAX(SUMIFS(Daily!$D$6:$D$36,Daily!$B$6:$B$36,4)+SUMIFS(Daily!$J$6:$J$36,Daily!$B$6:$B$36,4)+SUMIFS(Daily!$P$6:$P$36,Daily!$B$6:$B$36,4),1),0) | K9: =IFERROR(((SUMIFS(Daily!$G$6:$G$36,Daily!$B$6:$B$36,4)+SUMIFS(Daily!$M$6:$M$36,Daily!$B$6:$B$36,4)+SUMIFS(Daily!$S$6:$S$36,Daily!$B$6:$B$36,4))+(SUMIFS(Daily!$H$6:$H$36,Daily!$B$6:$B$36,4)+SUMIFS(Daily!$N$6:$N$36,Daily!$B$6:$B$36,4)+SUMIFS(Daily!$T$6:$T$36,Daily!$B$6:$B$36,4)))/MAX(SUMIFS(Daily!$F$6:$F$36,Daily!$B$6:$B$36,4)+SUMIFS(Daily!$L$6:$L$36,Daily!$B$6:$B$36,4)+SUMIFS(Daily!$R$6:$R$36,Daily!$B$6:$B$36,4),1),0)
A10: Wk 5 | B10: =SUMIFS(Daily!$C$6:$C$36,Daily!$B$6:$B$36,5)+SUMIFS(Daily!$I$6:$I$36,Daily!$B$6:$B$36,5)+SUMIFS(Daily!$O$6:$O$36,Daily!$B$6:$B$36,5) | C10: =SUMIFS(Daily!$D$6:$D$36,Daily!$B$6:$B$36,5)+SUMIFS(Daily!$J$6:$J$36,Daily!$B$6:$B$36,5)+SUMIFS(Daily!$P$6:$P$36,Daily!$B$6:$B$36,5) | D10: =SUMIFS(Daily!$E$6:$E$36,Daily!$B$6:$B$36,5)+SUMIFS(Daily!$K$6:$K$36,Daily!$B$6:$B$36,5)+SUMIFS(Daily!$Q$6:$Q$36,Daily!$B$6:$B$36,5) | E10: =IFERROR((SUMIFS(Daily!$E$6:$E$36,Daily!$B$6:$B$36,5)+SUMIFS(Daily!$K$6:$K$36,Daily!$B$6:$B$36,5)+SUMIFS(Daily!$Q$6:$Q$36,Daily!$B$6:$B$36,5))/MAX(SUMIFS(Daily!$C$6:$C$36,Daily!$B$6:$B$36,5)+SUMIFS(Daily!$I$6:$I$36,Daily!$B$6:$B$36,5)+SUMIFS(Daily!$O$6:$O$36,Daily!$B$6:$B$36,5),1),0) | F10: =SUMIFS(Daily!$F$6:$F$36,Daily!$B$6:$B$36,5)+SUMIFS(Daily!$L$6:$L$36,Daily!$B$6:$B$36,5)+SUMIFS(Daily!$R$6:$R$36,Daily!$B$6:$B$36,5) | G10: =SUMIFS(Daily!$G$6:$G$36,Daily!$B$6:$B$36,5)+SUMIFS(Daily!$M$6:$M$36,Daily!$B$6:$B$36,5)+SUMIFS(Daily!$S$6:$S$36,Daily!$B$6:$B$36,5) | H10: =SUMIFS(Daily!$H$6:$H$36,Daily!$B$6:$B$36,5)+SUMIFS(Daily!$N$6:$N$36,Daily!$B$6:$B$36,5)+SUMIFS(Daily!$T$6:$T$36,Daily!$B$6:$B$36,5) | I10: =(SUMIFS(Daily!$G$6:$G$36,Daily!$B$6:$B$36,5)+SUMIFS(Daily!$M$6:$M$36,Daily!$B$6:$B$36,5)+SUMIFS(Daily!$S$6:$S$36,Daily!$B$6:$B$36,5))+(SUMIFS(Daily!$H$6:$H$36,Daily!$B$6:$B$36,5)+SUMIFS(Daily!$N$6:$N$36,Daily!$B$6:$B$36,5)+SUMIFS(Daily!$T$6:$T$36,Daily!$B$6:$B$36,5)) | J10: =IFERROR(((SUMIFS(Daily!$G$6:$G$36,Daily!$B$6:$B$36,5)+SUMIFS(Daily!$M$6:$M$36,Daily!$B$6:$B$36,5)+SUMIFS(Daily!$S$6:$S$36,Daily!$B$6:$B$36,5))+(SUMIFS(Daily!$H$6:$H$36,Daily!$B$6:$B$36,5)+SUMIFS(Daily!$N$6:$N$36,Daily!$B$6:$B$36,5)+SUMIFS(Daily!$T$6:$T$36,Daily!$B$6:$B$36,5)))/MAX(SUMIFS(Daily!$D$6:$D$36,Daily!$B$6:$B$36,5)+SUMIFS(Daily!$J$6:$J$36,Daily!$B$6:$B$36,5)+SUMIFS(Daily!$P$6:$P$36,Daily!$B$6:$B$36,5),1),0) | K10: =IFERROR(((SUMIFS(Daily!$G$6:$G$36,Daily!$B$6:$B$36,5)+SUMIFS(Daily!$M$6:$M$36,Daily!$B$6:$B$36,5)+SUMIFS(Daily!$S$6:$S$36,Daily!$B$6:$B$36,5))+(SUMIFS(Daily!$H$6:$H$36,Daily!$B$6:$B$36,5)+SUMIFS(Daily!$N$6:$N$36,Daily!$B$6:$B$36,5)+SUMIFS(Daily!$T$6:$T$36,Daily!$B$6:$B$36,5)))/MAX(SUMIFS(Daily!$F$6:$F$36,Daily!$B$6:$B$36,5)+SUMIFS(Daily!$L$6:$L$36,Daily!$B$6:$B$36,5)+SUMIFS(Daily!$R$6:$R$36,Daily!$B$6:$B$36,5),1),0)
A11: MONTH | B11: =Daily!$C$37+Daily!$I$37+Daily!$O$37 | C11: =Daily!$D$37+Daily!$J$37+Daily!$P$37 | D11: =Daily!$E$37+Daily!$K$37+Daily!$Q$37 | E11: =IFERROR((Daily!$E$37+Daily!$K$37+Daily!$Q$37)/MAX(Daily!$C$37+Daily!$I$37+Daily!$O$37,1),0) | F11: =Daily!$F$37+Daily!$L$37+Daily!$R$37 | G11: =Daily!$G$37+Daily!$M$37+Daily!$S$37 | H11: =Daily!$H$37+Daily!$N$37+Daily!$T$37 | I11: =(Daily!$G$37+Daily!$M$37+Daily!$S$37)+(Daily!$H$37+Daily!$N$37+Daily!$T$37) | J11: =IFERROR(((Daily!$G$37+Daily!$M$37+Daily!$S$37)+(Daily!$H$37+Daily!$N$37+Daily!$T$37))/MAX(Daily!$D$37+Daily!$J$37+Daily!$P$37,1),0) | K11: =IFERROR(((Daily!$G$37+Daily!$M$37+Daily!$S$37)+(Daily!$H$37+Daily!$N$37+Daily!$T$37))/MAX(Daily!$F$37+Daily!$L$37+Daily!$R$37,1),0)
A13: BY REP, WEEK BY WEEK (HELD · SALES · CONVERSION)
A14: =Team!$B$6 | E14: =Team!$B$7 | I14: =Team!$B$8
A15: Held | B15: Sales | C15: Conv. | E15: Held | F15: Sales | G15: Conv. | I15: Held | J15: Sales | K15: Conv.
A16: =SUMIFS(Daily!$D$6:$D$36,Daily!$B$6:$B$36,1) | B16: =SUMIFS(Daily!$G$6:$G$36,Daily!$B$6:$B$36,1)+SUMIFS(Daily!$H$6:$H$36,Daily!$B$6:$B$36,1) | C16: =IFERROR((SUMIFS(Daily!$G$6:$G$36,Daily!$B$6:$B$36,1)+SUMIFS(Daily!$H$6:$H$36,Daily!$B$6:$B$36,1))/MAX(SUMIFS(Daily!$D$6:$D$36,Daily!$B$6:$B$36,1),1),0) | E16: =SUMIFS(Daily!$J$6:$J$36,Daily!$B$6:$B$36,1) | F16: =SUMIFS(Daily!$M$6:$M$36,Daily!$B$6:$B$36,1)+SUMIFS(Daily!$N$6:$N$36,Daily!$B$6:$B$36,1) | G16: =IFERROR((SUMIFS(Daily!$M$6:$M$36,Daily!$B$6:$B$36,1)+SUMIFS(Daily!$N$6:$N$36,Daily!$B$6:$B$36,1))/MAX(SUMIFS(Daily!$J$6:$J$36,Daily!$B$6:$B$36,1),1),0) | I16: =SUMIFS(Daily!$P$6:$P$36,Daily!$B$6:$B$36,1) | J16: =SUMIFS(Daily!$S$6:$S$36,Daily!$B$6:$B$36,1)+SUMIFS(Daily!$T$6:$T$36,Daily!$B$6:$B$36,1) | K16: =IFERROR((SUMIFS(Daily!$S$6:$S$36,Daily!$B$6:$B$36,1)+SUMIFS(Daily!$T$6:$T$36,Daily!$B$6:$B$36,1))/MAX(SUMIFS(Daily!$P$6:$P$36,Daily!$B$6:$B$36,1),1),0) | L16: Wk 1
A17: =SUMIFS(Daily!$D$6:$D$36,Daily!$B$6:$B$36,2) | B17: =SUMIFS(Daily!$G$6:$G$36,Daily!$B$6:$B$36,2)+SUMIFS(Daily!$H$6:$H$36,Daily!$B$6:$B$36,2) | C17: =IFERROR((SUMIFS(Daily!$G$6:$G$36,Daily!$B$6:$B$36,2)+SUMIFS(Daily!$H$6:$H$36,Daily!$B$6:$B$36,2))/MAX(SUMIFS(Daily!$D$6:$D$36,Daily!$B$6:$B$36,2),1),0) | E17: =SUMIFS(Daily!$J$6:$J$36,Daily!$B$6:$B$36,2) | F17: =SUMIFS(Daily!$M$6:$M$36,Daily!$B$6:$B$36,2)+SUMIFS(Daily!$N$6:$N$36,Daily!$B$6:$B$36,2) | G17: =IFERROR((SUMIFS(Daily!$M$6:$M$36,Daily!$B$6:$B$36,2)+SUMIFS(Daily!$N$6:$N$36,Daily!$B$6:$B$36,2))/MAX(SUMIFS(Daily!$J$6:$J$36,Daily!$B$6:$B$36,2),1),0) | I17: =SUMIFS(Daily!$P$6:$P$36,Daily!$B$6:$B$36,2) | J17: =SUMIFS(Daily!$S$6:$S$36,Daily!$B$6:$B$36,2)+SUMIFS(Daily!$T$6:$T$36,Daily!$B$6:$B$36,2) | K17: =IFERROR((SUMIFS(Daily!$S$6:$S$36,Daily!$B$6:$B$36,2)+SUMIFS(Daily!$T$6:$T$36,Daily!$B$6:$B$36,2))/MAX(SUMIFS(Daily!$P$6:$P$36,Daily!$B$6:$B$36,2),1),0) | L17: Wk 2
A18: =SUMIFS(Daily!$D$6:$D$36,Daily!$B$6:$B$36,3) | B18: =SUMIFS(Daily!$G$6:$G$36,Daily!$B$6:$B$36,3)+SUMIFS(Daily!$H$6:$H$36,Daily!$B$6:$B$36,3) | C18: =IFERROR((SUMIFS(Daily!$G$6:$G$36,Daily!$B$6:$B$36,3)+SUMIFS(Daily!$H$6:$H$36,Daily!$B$6:$B$36,3))/MAX(SUMIFS(Daily!$D$6:$D$36,Daily!$B$6:$B$36,3),1),0) | E18: =SUMIFS(Daily!$J$6:$J$36,Daily!$B$6:$B$36,3) | F18: =SUMIFS(Daily!$M$6:$M$36,Daily!$B$6:$B$36,3)+SUMIFS(Daily!$N$6:$N$36,Daily!$B$6:$B$36,3) | G18: =IFERROR((SUMIFS(Daily!$M$6:$M$36,Daily!$B$6:$B$36,3)+SUMIFS(Daily!$N$6:$N$36,Daily!$B$6:$B$36,3))/MAX(SUMIFS(Daily!$J$6:$J$36,Daily!$B$6:$B$36,3),1),0) | I18: =SUMIFS(Daily!$P$6:$P$36,Daily!$B$6:$B$36,3) | J18: =SUMIFS(Daily!$S$6:$S$36,Daily!$B$6:$B$36,3)+SUMIFS(Daily!$T$6:$T$36,Daily!$B$6:$B$36,3) | K18: =IFERROR((SUMIFS(Daily!$S$6:$S$36,Daily!$B$6:$B$36,3)+SUMIFS(Daily!$T$6:$T$36,Daily!$B$6:$B$36,3))/MAX(SUMIFS(Daily!$P$6:$P$36,Daily!$B$6:$B$36,3),1),0) | L18: Wk 3
A19: =SUMIFS(Daily!$D$6:$D$36,Daily!$B$6:$B$36,4) | B19: =SUMIFS(Daily!$G$6:$G$36,Daily!$B$6:$B$36,4)+SUMIFS(Daily!$H$6:$H$36,Daily!$B$6:$B$36,4) | C19: =IFERROR((SUMIFS(Daily!$G$6:$G$36,Daily!$B$6:$B$36,4)+SUMIFS(Daily!$H$6:$H$36,Daily!$B$6:$B$36,4))/MAX(SUMIFS(Daily!$D$6:$D$36,Daily!$B$6:$B$36,4),1),0) | E19: =SUMIFS(Daily!$J$6:$J$36,Daily!$B$6:$B$36,4) | F19: =SUMIFS(Daily!$M$6:$M$36,Daily!$B$6:$B$36,4)+SUMIFS(Daily!$N$6:$N$36,Daily!$B$6:$B$36,4) | G19: =IFERROR((SUMIFS(Daily!$M$6:$M$36,Daily!$B$6:$B$36,4)+SUMIFS(Daily!$N$6:$N$36,Daily!$B$6:$B$36,4))/MAX(SUMIFS(Daily!$J$6:$J$36,Daily!$B$6:$B$36,4),1),0) | I19: =SUMIFS(Daily!$P$6:$P$36,Daily!$B$6:$B$36,4) | J19: =SUMIFS(Daily!$S$6:$S$36,Daily!$B$6:$B$36,4)+SUMIFS(Daily!$T$6:$T$36,Daily!$B$6:$B$36,4) | K19: =IFERROR((SUMIFS(Daily!$S$6:$S$36,Daily!$B$6:$B$36,4)+SUMIFS(Daily!$T$6:$T$36,Daily!$B$6:$B$36,4))/MAX(SUMIFS(Daily!$P$6:$P$36,Daily!$B$6:$B$36,4),1),0) | L19: Wk 4
A20: =SUMIFS(Daily!$D$6:$D$36,Daily!$B$6:$B$36,5) | B20: =SUMIFS(Daily!$G$6:$G$36,Daily!$B$6:$B$36,5)+SUMIFS(Daily!$H$6:$H$36,Daily!$B$6:$B$36,5) | C20: =IFERROR((SUMIFS(Daily!$G$6:$G$36,Daily!$B$6:$B$36,5)+SUMIFS(Daily!$H$6:$H$36,Daily!$B$6:$B$36,5))/MAX(SUMIFS(Daily!$D$6:$D$36,Daily!$B$6:$B$36,5),1),0) | E20: =SUMIFS(Daily!$J$6:$J$36,Daily!$B$6:$B$36,5) | F20: =SUMIFS(Daily!$M$6:$M$36,Daily!$B$6:$B$36,5)+SUMIFS(Daily!$N$6:$N$36,Daily!$B$6:$B$36,5) | G20: =IFERROR((SUMIFS(Daily!$M$6:$M$36,Daily!$B$6:$B$36,5)+SUMIFS(Daily!$N$6:$N$36,Daily!$B$6:$B$36,5))/MAX(SUMIFS(Daily!$J$6:$J$36,Daily!$B$6:$B$36,5),1),0) | I20: =SUMIFS(Daily!$P$6:$P$36,Daily!$B$6:$B$36,5) | J20: =SUMIFS(Daily!$S$6:$S$36,Daily!$B$6:$B$36,5)+SUMIFS(Daily!$T$6:$T$36,Daily!$B$6:$B$36,5) | K20: =IFERROR((SUMIFS(Daily!$S$6:$S$36,Daily!$B$6:$B$36,5)+SUMIFS(Daily!$T$6:$T$36,Daily!$B$6:$B$36,5))/MAX(SUMIFS(Daily!$P$6:$P$36,Daily!$B$6:$B$36,5),1),0) | L20: Wk 5

Sheet Team
A1: Team · Closers and Targets
A2: Edit the yellow fields. Names feed all the tabs.
A4: REPS (CLOSERS)
A5: # | B5: Name | C5: Meetings/week target | D5: Sales/month target
A6: 1 | B6: Rep 1 | C6: 15 | D6: 8
A7: 2 | B7: Rep 2 | C7: 15 | D7: 8
A8: 3 | B8: Rep 3 | C8: 15 | D8: 8

Sheet Daily
A1: Daily Log · numbers only, 30 seconds
A2: Each rep fills their own column at the end of the day. Leave blank the days with no calendar.
A4: Day | B4: Wk | C4: =Team!$B$6 | I4: =Team!$B$7 | O4: =Team!$B$8
C5: Bkd | D5: Held | E5: No-show | F5: Prop. | G5: Sale call | H5: Sale FU | I5: Bkd | J5: Held | K5: No-show | L5: Prop. | M5: Sale call | N5: Sale FU | O5: Bkd | P5: Held | Q5: No-show | R5: Prop. | S5: Sale call | T5: Sale FU
A6: 1 | B6: =ROUNDUP(A6/7,0)
A7: 2 | B7: =ROUNDUP(A7/7,0)
A8: 3 | B8: =ROUNDUP(A8/7,0)
A9: 4 | B9: =ROUNDUP(A9/7,0)
A10: 5 | B10: =ROUNDUP(A10/7,0)
A11: 6 | B11: =ROUNDUP(A11/7,0)
A12: 7 | B12: =ROUNDUP(A12/7,0)
A13: 8 | B13: =ROUNDUP(A13/7,0)
A14: 9 | B14: =ROUNDUP(A14/7,0)
A15: 10 | B15: =ROUNDUP(A15/7,0)
A16: 11 | B16: =ROUNDUP(A16/7,0)
A17: 12 | B17: =ROUNDUP(A17/7,0)
... A36: 31 | B36: =ROUNDUP(A36/7,0)
A37: TOTAL | C37: =SUM(C6:C36) | D37: =SUM(D6:D36) | E37: =SUM(E6:E36) | F37: =SUM(F6:F36) | G37: =SUM(G6:G36) | H37: =SUM(H6:H36) | I37: =SUM(I6:I36) | J37: =SUM(J6:J36) | ... T37: =SUM(T6:T36)
A38: avg/active day | C38: =IFERROR(ROUND(SUM(C6:C36)/MAX(COUNTIF(C6:C36,">0"),1),1),0) | D38: =IFERROR(ROUND(SUM(D6:D36)/MAX(COUNTIF(C6:C36,">0"),1),1),0) | E38: =IFERROR(ROUND(SUM(E6:E36)/MAX(COUNTIF(C6:C36,">0"),1),1),0) | F38: =IFERROR(ROUND(SUM(F6:F36)/MAX(COUNTIF(C6:C36,">0"),1),1),0) | G38: =IFERROR(ROUND(SUM(G6:G36)/MAX(COUNTIF(C6:C36,">0"),1),1),0) | H38: =IFERROR(ROUND(SUM(H6:H36)/MAX(COUNTIF(C6:C36,">0"),1),1),0) | I38: =IFERROR(ROUND(SUM(I6:I36)/MAX(COUNTIF(I6:I36,">0"),1),1),0) | J38: =IFERROR(ROUND(SUM(J6:J36)/MAX(COUNTIF(I6:I36,">0"),1),1),0) | K38: =IFERROR(ROUND(SUM(K6:K36)/MAX(COUNTIF(I6:I36,">0"),1),1),0) | L38: =IFERROR(ROUND(SUM(L6:L36)/MAX(COUNTIF(I6:I36,">0"),1),1),0) | M38: =IFERROR(ROUND(SUM(M6:M36)/MAX(COUNTIF(I6:I36,">0"),1),1),0) | N38: =IFERROR(ROUND(SUM(N6:N36)/MAX(COUNTIF(I6:I36,">0"),1),1),0) | O38: =IFERROR(ROUND(SUM(O6:O36)/MAX(COUNTIF(O6:O36,">0"),1),1),0) | P38: =IFERROR(ROUND(SUM(P6:P36)/MAX(COUNTIF(O6:O36,">0"),1),1),0) | Q38: =IFERROR(ROUND(SUM(Q6:Q36)/MAX(COUNTIF(O6:O36,">0"),1),1),0) | R38: =IFERROR(ROUND(SUM(R6:R36)/MAX(COUNTIF(O6:O36,">0"),1),1),0) | S38: =IFERROR(ROUND(SUM(S6:S36)/MAX(COUNTIF(O6:O36,">0"),1),1),0) | T38: =IFERROR(ROUND(SUM(T6:T36)/MAX(COUNTIF(O6:O36,">0"),1),1),0)
