Workbook

Sheet Start here
A1: Sales Performance Tracker · Usual Digital
A2: Log the day's numbers and the funnel compares you with the market benchmark, pointing where to attack.
A4: HOW TO USE
A6: 1. | B6: In Google Sheets: File > Make a copy. Use one sheet per month (duplicate it each month).
A7: 2. | B7: Every day, fill in the Daily Outbound and Daily Inbound tabs with the day's numbers. That's it.
A8: 3. | B8: The Funnel Dashboard calculates your rates and compares them to the market benchmark: ✔ above, ▲ below (that's where you attack).
A9: 4. | B9: The market benchmarks are in the yellow cells of the Dashboard. Adjust them to your segment's reality.
A10: 5. | B10: In the weekly meeting, open the Dashboard: the stage with ▲ defines the week's training.
A12: BENCHMARKS USED (B2B MARKET)
A14: Outbound | C14: Connection 10% of outreach · Meeting 25% of connections · Show 70% · Proposal 60% · Sale 30% of proposals.
A15: Inbound | C15: Response within 5 min: 90% · Qualification 40% · Meeting 50% of qualified · Show 70% · Proposal 60% · Sale 30%.
A16: Activity | C16: Outbound: 50 outreach touches/working day per person. Inbound: replying in minutes multiplies conversion.
A18: Usual Digital · High-performance sales structuring · By Gabriel Isidoro and Renan Paiva

Sheet Funnel Dashboard
A1: Dashboard · Funnel vs Market Benchmark
A2: All automatic from the daily logs. Yellow = editable benchmark. ▲ shows where to attack.
A4: OUTBOUND (ACTIVE PROSPECTING) FUNNEL
A5: Stage | C5: Result | D5: Your rate | E5: Market benchmark | F5: Status | G5: Where to attack if you're below
A6: Outreach (calls + msgs) | C6: ='Daily Outbound'!C37+'Daily Outbound'!D37 | D6: — | E6: 1000 | F6: =IF(C6>=E6,"✔ on par","▲ attack here") | G6: Volume is the base: 50 outreach touches per working day, per person.
A7: Connections / replies | C7: ='Daily Outbound'!E37 | D7: =IFERROR(C7/C6,0) | E7: 0.1 | F7: =IF(D7>=E7,"✔ on par","▲ attack here") | G7: Weak list or weak hook: revisit your ICP and first message.
A8: Meetings booked | C8: ='Daily Outbound'!F37 | D8: =IFERROR(C8/C7,0) | E8: 0.25 | F8: =IF(D8>=E8,"✔ on par","▲ attack here") | G8: Sell the meeting, not the product. Adjust the pitch and run the D1-D12 cadence.
A9: Meetings held (show) | C9: ='Daily Outbound'!G37 | D9: =IFERROR(C9/C8,0) | E9: 0.7 | F9: =IF(D9>=E9,"✔ on par","▲ attack here") | G9: Anti no-show: confirm the day before and remind 1h before.
A10: Proposals | C10: ='Daily Outbound'!I37 | D10: =IFERROR(C10/C9,0) | E10: 0.6 | F10: =IF(D10>=E10,"✔ on par","▲ attack here") | G10: A call with no proposal = shallow discovery. Use SPIN and lock the next step.
A11: Sales | C11: ='Daily Outbound'!J37 | D11: =IFERROR(C11/C10,0) | E11: 0.3 | F11: =IF(D11>=E11,"✔ on par","▲ attack here") | G11: Anchoring, urgency and objection handling. Log what stalled.
A12: OVERALL CONVERSION (sale ÷ outreach) | C12: — | D12: =IFERROR(C11/C6,0) | E12: =PRODUCT(E7:E11) | F12: =IF(D12>=E12,"✔ on par","▲ attack here") | G12: End-to-end funnel conversion.
A14: INBOUND (INCOMING LEADS) FUNNEL
A15: Stage | C15: Result | D15: Your rate | E15: Market benchmark | F15: Status | G15: Where to attack if you're below
A16: Leads received | C16: ='Daily Inbound'!C37 | D16: — | E16: 300 | F16: =IF(C16>=E16,"✔ on par","▲ attack here") | G16: Lead volume: traffic, content and acquisition channels.
A17: Answered within 5 min | C17: ='Daily Inbound'!D37 | D17: =IFERROR(C17/C16,0) | E17: 0.9 | F17: =IF(D17>=E17,"✔ on par","▲ attack here") | G17: Speed is conversion: a cold lead at 30 min has already gone cold.
A18: Qualified | C18: ='Daily Inbound'!E37 | D18: =IFERROR(C18/C17,0) | E18: 0.4 | F18: =IF(D18>=E18,"✔ on par","▲ attack here") | G18: Clear fit and pain criteria. A bad lead clogs the closer's calendar.
A19: Meetings booked | C19: ='Daily Inbound'!F37 | D19: =IFERROR(C19/C18,0) | E19: 0.5 | F19: =IF(D19>=E19,"✔ on par","▲ attack here") | G19: Booking script and cadence: 80% of bookings come from follow-up.
A20: Meetings held (show) | C20: ='Daily Inbound'!G37 | D20: =IFERROR(C20/C19,0) | E20: 0.7 | F20: =IF(D20>=E20,"✔ on par","▲ attack here") | G20: Anti no-show: confirm the day before and remind 1h before.
A21: Proposals | C21: ='Daily Inbound'!I37 | D21: =IFERROR(C21/C20,0) | E21: 0.6 | F21: =IF(D21>=E21,"✔ on par","▲ attack here") | G21: A call with no proposal = shallow discovery. Use SPIN and lock the next step.
A22: Sales | C22: ='Daily Inbound'!J37 | D22: =IFERROR(C22/C21,0) | E22: 0.3 | F22: =IF(D22>=E22,"✔ on par","▲ attack here") | G22: Anchoring, urgency and objection handling. Log what stalled.
A23: OVERALL CONVERSION (sale ÷ lead) | C23: — | D23: =IFERROR(C22/C16,0) | E23: =PRODUCT(E17:E22) | F23: =IF(D23>=E23,"✔ on par","▲ attack here") | G23: End-to-end funnel conversion.
A25: MONTH REVENUE
A26: Indicator | C26: Value
A27: Average deal size (edit) | C27: 5000 | D27: Average value of each sale.
A28: Sales this month (out + in) | C28: ='Daily Outbound'!J37+'Daily Inbound'!J37 | D28: Automatic sum of both funnels.
A29: ESTIMATED REVENUE | C29: =C27*C28 | D29: Average deal size × sales this month.

Sheet Daily Outbound
A1: Daily Outbound · daily log
A2: Active prospecting: calls, messages and social selling.
A4: FILL IN EACH DAY'S NUMBERS (LEAVE BLANK THE DAYS WITH NONE)
A5: Day | B5: Wk | C5: Calls | D5: Messages / Social | E5: Connections (replies) | F5: Meetings booked | G5: Meetings held (show) | H5: No-show | I5: Proposals | J5: Sales
A6: 1 | B6: =ROUNDUP(A6/7,0)
A7: 2 | B7: =ROUNDUP(A7/7,0)
A8: 3 | B8: =ROUNDUP(A8/7,0)
A9: 4 | B9: =ROUNDUP(A9/7,0)
A10: 5 | B10: =ROUNDUP(A10/7,0)
A11: 6 | B11: =ROUNDUP(A11/7,0)
A12: 7 | B12: =ROUNDUP(A12/7,0)
A13: 8 | B13: =ROUNDUP(A13/7,0)
A14: 9 | B14: =ROUNDUP(A14/7,0)
A15: 10 | B15: =ROUNDUP(A15/7,0)
A16: 11 | B16: =ROUNDUP(A16/7,0)
A17: 12 | B17: =ROUNDUP(A17/7,0)
... A36: 31 | B36: =ROUNDUP(A36/7,0)
A37: TOTAL | C37: =SUM(C6:C36) | D37: =SUM(D6:D36) | E37: =SUM(E6:E36) | F37: =SUM(F6:F36) | G37: =SUM(G6:G36) | H37: =SUM(H6:H36) | I37: =SUM(I6:I36) | J37: =SUM(J6:J36)
A38: AVG/day | C38: =IFERROR(ROUND(AVERAGE(C6:C36),1),0) | D38: =IFERROR(ROUND(AVERAGE(D6:D36),1),0) | E38: =IFERROR(ROUND(AVERAGE(E6:E36),1),0) | F38: =IFERROR(ROUND(AVERAGE(F6:F36),1),0) | G38: =IFERROR(ROUND(AVERAGE(G6:G36),1),0) | H38: =IFERROR(ROUND(AVERAGE(H6:H36),1),0) | I38: =IFERROR(ROUND(AVERAGE(I6:I36),1),0) | J38: =IFERROR(ROUND(AVERAGE(J6:J36),1),0)

Sheet Daily Inbound
A1: Daily Inbound · daily log
A2: Incoming leads: ads, website, referrals and organic.
A4: FILL IN EACH DAY'S NUMBERS (LEAVE BLANK THE DAYS WITH NONE)
A5: Day | B5: Wk | C5: Leads received | D5: Answered within 5 min | E5: Qualified | F5: Meetings booked | G5: Meetings held (show) | H5: No-show | I5: Proposals | J5: Sales
A6: 1 | B6: =ROUNDUP(A6/7,0)
A7: 2 | B7: =ROUNDUP(A7/7,0)
A8: 3 | B8: =ROUNDUP(A8/7,0)
A9: 4 | B9: =ROUNDUP(A9/7,0)
A10: 5 | B10: =ROUNDUP(A10/7,0)
A11: 6 | B11: =ROUNDUP(A11/7,0)
A12: 7 | B12: =ROUNDUP(A12/7,0)
A13: 8 | B13: =ROUNDUP(A13/7,0)
A14: 9 | B14: =ROUNDUP(A14/7,0)
A15: 10 | B15: =ROUNDUP(A15/7,0)
A16: 11 | B16: =ROUNDUP(A16/7,0)
A17: 12 | B17: =ROUNDUP(A17/7,0)
... A36: 31 | B36: =ROUNDUP(A36/7,0)
A37: TOTAL | C37: =SUM(C6:C36) | D37: =SUM(D6:D36) | E37: =SUM(E6:E36) | F37: =SUM(F6:F36) | G37: =SUM(G6:G36) | H37: =SUM(H6:H36) | I37: =SUM(I6:I36) | J37: =SUM(J6:J36)
A38: AVG/day | C38: =IFERROR(ROUND(AVERAGE(C6:C36),1),0) | D38: =IFERROR(ROUND(AVERAGE(D6:D36),1),0) | E38: =IFERROR(ROUND(AVERAGE(E6:E36),1),0) | F38: =IFERROR(ROUND(AVERAGE(F6:F36),1),0) | G38: =IFERROR(ROUND(AVERAGE(G6:G36),1),0) | H38: =IFERROR(ROUND(AVERAGE(H6:H36),1),0) | I38: =IFERROR(ROUND(AVERAGE(I6:I36),1),0) | J38: =IFERROR(ROUND(AVERAGE(J6:J36),1),0)
