Workbook

Sheet Comece por aqui
A1: Controle de Performance Comercial · Usual Digital
A2: Lance os números do dia e o funil compara você com o padrão de mercado, apontando onde atacar.
A4: COMO USAR
A6: 1. | B6: No Google Sheets: Arquivo > Fazer uma cópia. Use uma planilha por mês (duplique a cada mês).
A7: 2. | B7: Todo dia, preencha as abas Diário Outbound e Diário Inbound com os números do dia. Só isso.
A8: 3. | B8: O Dashboard Funil calcula suas taxas e compara com o padrão de mercado: ✔ acima, ▲ abaixo (é ali que você ataca).
A9: 4. | B9: Os padrões de mercado ficam nas células amarelas do Dashboard. Pode ajustar pra realidade do seu segmento.
A10: 5. | B10: Na reunião semanal, abra o Dashboard: a etapa com ▲ define o treino da semana.
A12: PADRÕES USADOS (MERCADO B2B)
A14: Outbound | C14: Conexão 10% das abordagens · Reunião 25% das conexões · Show 70% · Proposta 60% · Venda 30% das propostas.
A15: Inbound | C15: Atendimento em até 5 min: 90% · Qualificação 40% · Reunião 50% dos qualificados · Show 70% · Proposta 60% · Venda 30%.
A16: Atividade | C16: Outbound: 50 abordagens/dia útil por pessoa. Inbound: responder em minutos multiplica conversão.
A18: Usual Digital · Estruturação comercial de alta performance · Por Gabriel Isidoro e Renan Paiva

Sheet Dashboard Funil
A1: Dashboard · Funil x Padrão de Mercado
A2: Tudo automático a partir dos lançamentos diários. Amarelo = padrão editável. ▲ mostra onde atacar.
A4: FUNIL OUTBOUND (PROSPECÇÃO ATIVA)
A5: Etapa | C5: Resultado | D5: Sua taxa | E5: Padrão de mercado | F5: Status | G5: Onde atacar se estiver abaixo
A6: Abordagens (lig + msg) | C6: ='Diário Outbound'!C37+'Diário Outbound'!D37 | D6: — | E6: 1000 | F6: =IF(C6>=E6,"✔ no padrão","▲ atacar aqui") | G6: Volume é a base: 50 abordagens por dia útil, por pessoa.
A7: Conexões / respostas | C7: ='Diário Outbound'!E37 | D7: =IFERROR(C7/C6,0) | E7: 0.1 | F7: =IF(D7>=E7,"✔ no padrão","▲ atacar aqui") | G7: Lista fraca ou gancho fraco: revise o ICP e a primeira mensagem.
A8: Reuniões marcadas | C8: ='Diário Outbound'!F37 | D8: =IFERROR(C8/C7,0) | E8: 0.25 | F8: =IF(D8>=E8,"✔ no padrão","▲ atacar aqui") | G8: Venda a reunião, não o produto. Ajuste o pitch e rode a cadência D1-D12.
A9: Reuniões realizadas (show) | C9: ='Diário Outbound'!G37 | D9: =IFERROR(C9/C8,0) | E9: 0.7 | F9: =IF(D9>=E9,"✔ no padrão","▲ atacar aqui") | G9: Anti no-show: confirmação na véspera e lembrete 1h antes.
A10: Propostas | C10: ='Diário Outbound'!I37 | D10: =IFERROR(C10/C9,0) | E10: 0.6 | F10: =IF(D10>=E10,"✔ no padrão","▲ atacar aqui") | G10: Call sem proposta = diagnóstico raso. Use o SPIN e feche o próximo passo.
A11: Vendas | C11: ='Diário Outbound'!J37 | D11: =IFERROR(C11/C10,0) | E11: 0.3 | F11: =IF(D11>=E11,"✔ no padrão","▲ atacar aqui") | G11: Ancoragem, urgência e quebra de objeções. Registre o que travou.
A12: CONVERSÃO GERAL (venda ÷ abordagem) | C12: — | D12: =IFERROR(C11/C6,0) | E12: =PRODUCT(E7:E11) | F12: =IF(D12>=E12,"✔ no padrão","▲ atacar aqui") | G12: Conversão de ponta a ponta do funil.
A14: FUNIL INBOUND (LEADS QUE CHEGAM)
A15: Etapa | C15: Resultado | D15: Sua taxa | E15: Padrão de mercado | F15: Status | G15: Onde atacar se estiver abaixo
A16: Leads recebidos | C16: ='Diário Inbound'!C37 | D16: — | E16: 300 | F16: =IF(C16>=E16,"✔ no padrão","▲ atacar aqui") | G16: Volume de leads: tráfego, conteúdo e canais de aquisição.
A17: Atendidos em até 5 min | C17: ='Diário Inbound'!D37 | D17: =IFERROR(C17/C16,0) | E17: 0.9 | F17: =IF(D17>=E17,"✔ no padrão","▲ atacar aqui") | G17: Velocidade é conversão: lead frio em 30 min já esfriou.
A18: Qualificados | C18: ='Diário Inbound'!E37 | D18: =IFERROR(C18/C17,0) | E18: 0.4 | F18: =IF(D18>=E18,"✔ no padrão","▲ atacar aqui") | G18: Critérios claros de fit e dor. Lead ruim entope a agenda do closer.
A19: Reuniões marcadas | C19: ='Diário Inbound'!F37 | D19: =IFERROR(C19/C18,0) | E19: 0.5 | F19: =IF(D19>=E19,"✔ no padrão","▲ atacar aqui") | G19: Roteiro de agendamento e cadência: 80% das marcações vêm do follow-up.
A20: Reuniões realizadas (show) | C20: ='Diário Inbound'!G37 | D20: =IFERROR(C20/C19,0) | E20: 0.7 | F20: =IF(D20>=E20,"✔ no padrão","▲ atacar aqui") | G20: Anti no-show: confirmação na véspera e lembrete 1h antes.
A21: Propostas | C21: ='Diário Inbound'!I37 | D21: =IFERROR(C21/C20,0) | E21: 0.6 | F21: =IF(D21>=E21,"✔ no padrão","▲ atacar aqui") | G21: Call sem proposta = diagnóstico raso. Use o SPIN e feche o próximo passo.
A22: Vendas | C22: ='Diário Inbound'!J37 | D22: =IFERROR(C22/C21,0) | E22: 0.3 | F22: =IF(D22>=E22,"✔ no padrão","▲ atacar aqui") | G22: Ancoragem, urgência e quebra de objeções. Registre o que travou.
A23: CONVERSÃO GERAL (venda ÷ lead) | C23: — | D23: =IFERROR(C22/C16,0) | E23: =PRODUCT(E17:E22) | F23: =IF(D23>=E23,"✔ no padrão","▲ atacar aqui") | G23: Conversão de ponta a ponta do funil.
A25: RECEITA DO MÊS
A26: Indicador | C26: Valor
A27: Ticket médio (edite) | C27: 5000 | D27: Valor médio de cada venda.
A28: Vendas no mês (out + in) | C28: ='Diário Outbound'!J37+'Diário Inbound'!J37 | D28: Somatório automático dos dois funis.
A29: RECEITA ESTIMADA | C29: =C27*C28 | D29: Ticket médio x vendas do mês.

Sheet Diário Outbound
A1: Diário Outbound · lançamento do dia
A2: Prospecção ativa: ligações, mensagens e social selling.
A4: PREENCHA OS NÚMEROS DE CADA DIA (DEIXE EM BRANCO OS DIAS QUE NÃO HOUVE)
A5: Dia | B5: Sem. | C5: Ligações | D5: Mensagens / Social | E5: Conexões (respostas) | F5: Reuniões marcadas | G5: Reuniões realizadas (show) | H5: No-show | I5: Propostas | J5: Vendas
A6: 1 | B6: =ROUNDUP(A6/7,0)
A7: 2 | B7: =ROUNDUP(A7/7,0)
A8: 3 | B8: =ROUNDUP(A8/7,0)
A9: 4 | B9: =ROUNDUP(A9/7,0)
A10: 5 | B10: =ROUNDUP(A10/7,0)
A11: 6 | B11: =ROUNDUP(A11/7,0)
A12: 7 | B12: =ROUNDUP(A12/7,0)
A13: 8 | B13: =ROUNDUP(A13/7,0)
A14: 9 | B14: =ROUNDUP(A14/7,0)
A15: 10 | B15: =ROUNDUP(A15/7,0)
A16: 11 | B16: =ROUNDUP(A16/7,0)
A17: 12 | B17: =ROUNDUP(A17/7,0)
... A36: 31 | B36: =ROUNDUP(A36/7,0)
A37: TOTAL | C37: =SUM(C6:C36) | D37: =SUM(D6:D36) | E37: =SUM(E6:E36) | F37: =SUM(F6:F36) | G37: =SUM(G6:G36) | H37: =SUM(H6:H36) | I37: =SUM(I6:I36) | J37: =SUM(J6:J36)
A38: MÉDIA/dia | C38: =IFERROR(ROUND(AVERAGE(C6:C36),1),0) | D38: =IFERROR(ROUND(AVERAGE(D6:D36),1),0) | E38: =IFERROR(ROUND(AVERAGE(E6:E36),1),0) | F38: =IFERROR(ROUND(AVERAGE(F6:F36),1),0) | G38: =IFERROR(ROUND(AVERAGE(G6:G36),1),0) | H38: =IFERROR(ROUND(AVERAGE(H6:H36),1),0) | I38: =IFERROR(ROUND(AVERAGE(I6:I36),1),0) | J38: =IFERROR(ROUND(AVERAGE(J6:J36),1),0)

Sheet Diário Inbound
A1: Diário Inbound · lançamento do dia
A2: Leads que chegam: anúncios, site, indicações e orgânico.
A4: PREENCHA OS NÚMEROS DE CADA DIA (DEIXE EM BRANCO OS DIAS QUE NÃO HOUVE)
A5: Dia | B5: Sem. | C5: Leads recebidos | D5: Atendidos em até 5 min | E5: Qualificados | F5: Reuniões marcadas | G5: Reuniões realizadas (show) | H5: No-show | I5: Propostas | J5: Vendas
A6: 1 | B6: =ROUNDUP(A6/7,0)
A7: 2 | B7: =ROUNDUP(A7/7,0)
A8: 3 | B8: =ROUNDUP(A8/7,0)
A9: 4 | B9: =ROUNDUP(A9/7,0)
A10: 5 | B10: =ROUNDUP(A10/7,0)
A11: 6 | B11: =ROUNDUP(A11/7,0)
A12: 7 | B12: =ROUNDUP(A12/7,0)
A13: 8 | B13: =ROUNDUP(A13/7,0)
A14: 9 | B14: =ROUNDUP(A14/7,0)
A15: 10 | B15: =ROUNDUP(A15/7,0)
A16: 11 | B16: =ROUNDUP(A16/7,0)
A17: 12 | B17: =ROUNDUP(A17/7,0)
... A36: 31 | B36: =ROUNDUP(A36/7,0)
A37: TOTAL | C37: =SUM(C6:C36) | D37: =SUM(D6:D36) | E37: =SUM(E6:E36) | F37: =SUM(F6:F36) | G37: =SUM(G6:G36) | H37: =SUM(H6:H36) | I37: =SUM(I6:I36) | J37: =SUM(J6:J36)
A38: MÉDIA/dia | C38: =IFERROR(ROUND(AVERAGE(C6:C36),1),0) | D38: =IFERROR(ROUND(AVERAGE(D6:D36),1),0) | E38: =IFERROR(ROUND(AVERAGE(E6:E36),1),0) | F38: =IFERROR(ROUND(AVERAGE(F6:F36),1),0) | G38: =IFERROR(ROUND(AVERAGE(G6:G36),1),0) | H38: =IFERROR(ROUND(AVERAGE(H6:H36),1),0) | I38: =IFERROR(ROUND(AVERAGE(I6:I36),1),0) | J38: =IFERROR(ROUND(AVERAGE(J6:J36),1),0)
